-30,10,BMfWhBofMp8lrj4UHYb8JXoPVPs=,Da8Xiidy8ZB/4eC70Ab5JL/W9wM=
-30,9,BMfWhBofMp8lrj4UHYb8JXoPVPs=,Da8Xiidy8ZB/4eC70Ab5JL/W9wM=
-23,5,z1uKlPvUaV98qLpHIy/s74FL8Hk=,MWZYGEBMKjjaTEueVW84kpevHTQ=
-22,6,z1uKlPvUaV98qLpHIy/s74FL8Hk=,MWZYGEBMKjjaTEueVW84kpevHTQ=
-23,6,z1uKlPvUaV98qLpHIy/s74FL8Hk=,MWZYGEBMKjjaTEueVW84kpevHTQ=
-22,5,z1uKlPvUaV98qLpHIy/s74FL8Hk=,MWZYGEBMKjjaTEueVW84kpevHTQ=
-27,10,z1uKlPvUaV98qLpHIy/s74FL8Hk=,UQ6yWyXxQW7mKU3DNXNkw8zIPC4=
-29,10,z1uKlPvUaV98qLpHIy/s74FL8Hk=,Da8Xiidy8ZB/4eC70Ab5JL/W9wM=
-27,9,z1uKlPvUaV98qLpHIy/s74FL8Hk=,UQ6yWyXxQW7mKU3DNXNkw8zIPC4=
-26,10,z1uKlPvUaV98qLpHIy/s74FL8Hk=,UQ6yWyXxQW7mKU3DNXNkw8zIPC4=
-26,9,z1uKlPvUaV98qLpHIy/s74FL8Hk=,UQ6yWyXxQW7mKU3DNXNkw8zIPC4=
-28,10,z1uKlPvUaV98qLpHIy/s74FL8Hk=,UQ6yWyXxQW7mKU3DNXNkw8zIPC4=
-28,9,z1uKlPvUaV98qLpHIy/s74FL8Hk=,UQ6yWyXxQW7mKU3DNXNkw8zIPC4=
-23,9,z1uKlPvUaV98qLpHIy/s74FL8Hk=,zPxrE+A/S7EWer4zP++J1bsM2h8=
-22,9,z1uKlPvUaV98qLpHIy/s74FL8Hk=,zPxrE+A/S7EWer4zP++J1bsM2h8=
-24,10,z1uKlPvUaV98qLpHIy/s74FL8Hk=,zPxrE+A/S7EWer4zP++J1bsM2h8=
-25,10,z1uKlPvUaV98qLpHIy/s74FL8Hk=,UQ6yWyXxQW7mKU3DNXNkw8zIPC4=
-29,9,z1uKlPvUaV98qLpHIy/s74FL8Hk=,Da8Xiidy8ZB/4eC70Ab5JL/W9wM=
-22,7,z1uKlPvUaV98qLpHIy/s74FL8Hk=,MWZYGEBMKjjaTEueVW84kpevHTQ=
-25,9,z1uKlPvUaV98qLpHIy/s74FL8Hk=,UQ6yWyXxQW7mKU3DNXNkw8zIPC4=
-23,8,z1uKlPvUaV98qLpHIy/s74FL8Hk=,zPxrE+A/S7EWer4zP++J1bsM2h8=
-22,8,z1uKlPvUaV98qLpHIy/s74FL8Hk=,zPxrE+A/S7EWer4zP++J1bsM2h8=
-22,10,z1uKlPvUaV98qLpHIy/s74FL8Hk=,zPxrE+A/S7EWer4zP++J1bsM2h8=
-23,10,z1uKlPvUaV98qLpHIy/s74FL8Hk=,zPxrE+A/S7EWer4zP++J1bsM2h8=
-23,7,z1uKlPvUaV98qLpHIy/s74FL8Hk=,MWZYGEBMKjjaTEueVW84kpevHTQ=
-24,9,z1uKlPvUaV98qLpHIy/s74FL8Hk=,zPxrE+A/S7EWer4zP++J1bsM2h8=
-25,8,z1uKlPvUaV98qLpHIy/s74FL8Hk=,UQ6yWyXxQW7mKU3DNXNkw8zIPC4=
-27,7,z1uKlPvUaV98qLpHIy/s74FL8Hk=,5cm7l+zGXZWr80j2DO/ZAL5hPNo=
-26,8,z1uKlPvUaV98qLpHIy/s74FL8Hk=,UQ6yWyXxQW7mKU3DNXNkw8zIPC4=
-24,5,z1uKlPvUaV98qLpHIy/s74FL8Hk=,MWZYGEBMKjjaTEueVW84kpevHTQ=
-27,8,z1uKlPvUaV98qLpHIy/s74FL8Hk=,UQ6yWyXxQW7mKU3DNXNkw8zIPC4=
-26,6,z1uKlPvUaV98qLpHIy/s74FL8Hk=,5cm7l+zGXZWr80j2DO/ZAL5hPNo=
-26,5,z1uKlPvUaV98qLpHIy/s74FL8Hk=,5cm7l+zGXZWr80j2DO/ZAL5hPNo=
-25,7,z1uKlPvUaV98qLpHIy/s74FL8Hk=,5cm7l+zGXZWr80j2DO/ZAL5hPNo=
-24,8,z1uKlPvUaV98qLpHIy/s74FL8Hk=,zPxrE+A/S7EWer4zP++J1bsM2h8=
-26,7,z1uKlPvUaV98qLpHIy/s74FL8Hk=,5cm7l+zGXZWr80j2DO/ZAL5hPNo=
-27,5,z1uKlPvUaV98qLpHIy/s74FL8Hk=,5cm7l+zGXZWr80j2DO/ZAL5hPNo=
-24,7,z1uKlPvUaV98qLpHIy/s74FL8Hk=,MWZYGEBMKjjaTEueVW84kpevHTQ=
-25,6,z1uKlPvUaV98qLpHIy/s74FL8Hk=,5cm7l+zGXZWr80j2DO/ZAL5hPNo=
-25,5,z1uKlPvUaV98qLpHIy/s74FL8Hk=,5cm7l+zGXZWr80j2DO/ZAL5hPNo=
-24,6,z1uKlPvUaV98qLpHIy/s74FL8Hk=,MWZYGEBMKjjaTEueVW84kpevHTQ=
-27,6,z1uKlPvUaV98qLpHIy/s74FL8Hk=,5cm7l+zGXZWr80j2DO/ZAL5hPNo=
-20,6,z1uKlPvUaV98qLpHIy/s74FL8Hk=,VSZLvtuzx6/OKZla+cmjWsXTUpM=
-18,6,z1uKlPvUaV98qLpHIy/s74FL8Hk=,VSZLvtuzx6/OKZla+cmjWsXTUpM=
-21,5,z1uKlPvUaV98qLpHIy/s74FL8Hk=,MWZYGEBMKjjaTEueVW84kpevHTQ=
-18,5,z1uKlPvUaV98qLpHIy/s74FL8Hk=,VSZLvtuzx6/OKZla+cmjWsXTUpM=
-19,5,z1uKlPvUaV98qLpHIy/s74FL8Hk=,VSZLvtuzx6/OKZla+cmjWsXTUpM=
-19,6,z1uKlPvUaV98qLpHIy/s74FL8Hk=,VSZLvtuzx6/OKZla+cmjWsXTUpM=
-20,5,z1uKlPvUaV98qLpHIy/s74FL8Hk=,VSZLvtuzx6/OKZla+cmjWsXTUpM=
-21,6,z1uKlPvUaV98qLpHIy/s74FL8Hk=,MWZYGEBMKjjaTEueVW84kpevHTQ=
-18,8,z1uKlPvUaV98qLpHIy/s74FL8Hk=,4LwYq5cFUWSg4kcvtJ3GA2MyJe0=
-19,8,z1uKlPvUaV98qLpHIy/s74FL8Hk=,4LwYq5cFUWSg4kcvtJ3GA2MyJe0=
-21,9,z1uKlPvUaV98qLpHIy/s74FL8Hk=,zPxrE+A/S7EWer4zP++J1bsM2h8=
-21,7,z1uKlPvUaV98qLpHIy/s74FL8Hk=,MWZYGEBMKjjaTEueVW84kpevHTQ=
-21,8,z1uKlPvUaV98qLpHIy/s74FL8Hk=,zPxrE+A/S7EWer4zP++J1bsM2h8=
-19,7,z1uKlPvUaV98qLpHIy/s74FL8Hk=,VSZLvtuzx6/OKZla+cmjWsXTUpM=
-21,10,z1uKlPvUaV98qLpHIy/s74FL8Hk=,zPxrE+A/S7EWer4zP++J1bsM2h8=
-20,10,z1uKlPvUaV98qLpHIy/s74FL8Hk=,4LwYq5cFUWSg4kcvtJ3GA2MyJe0=
-19,9,z1uKlPvUaV98qLpHIy/s74FL8Hk=,4LwYq5cFUWSg4kcvtJ3GA2MyJe0=
-19,10,z1uKlPvUaV98qLpHIy/s74FL8Hk=,4LwYq5cFUWSg4kcvtJ3GA2MyJe0=
-18,9,z1uKlPvUaV98qLpHIy/s74FL8Hk=,4LwYq5cFUWSg4kcvtJ3GA2MyJe0=
-20,7,z1uKlPvUaV98qLpHIy/s74FL8Hk=,VSZLvtuzx6/OKZla+cmjWsXTUpM=
-20,9,z1uKlPvUaV98qLpHIy/s74FL8Hk=,4LwYq5cFUWSg4kcvtJ3GA2MyJe0=
-18,10,z1uKlPvUaV98qLpHIy/s74FL8Hk=,4LwYq5cFUWSg4kcvtJ3GA2MyJe0=
-18,7,z1uKlPvUaV98qLpHIy/s74FL8Hk=,VSZLvtuzx6/OKZla+cmjWsXTUpM=
-20,8,z1uKlPvUaV98qLpHIy/s74FL8Hk=,4LwYq5cFUWSg4kcvtJ3GA2MyJe0=
-22,12,/9wKQ6i2JKfQMpaEIQqCLGgu7ag=,Q9doH2lidqy7OrsUG+iEg3mKzso=
-23,14,/9wKQ6i2JKfQMpaEIQqCLGgu7ag=,Q9doH2lidqy7OrsUG+iEg3mKzso=
-22,13,/9wKQ6i2JKfQMpaEIQqCLGgu7ag=,Q9doH2lidqy7OrsUG+iEg3mKzso=
-23,13,/9wKQ6i2JKfQMpaEIQqCLGgu7ag=,Q9doH2lidqy7OrsUG+iEg3mKzso=
-22,14,/9wKQ6i2JKfQMpaEIQqCLGgu7ag=,Q9doH2lidqy7OrsUG+iEg3mKzso=
-23,11,/9wKQ6i2JKfQMpaEIQqCLGgu7ag=,zPxrE+A/S7EWer4zP++J1bsM2h8=
-22,11,/9wKQ6i2JKfQMpaEIQqCLGgu7ag=,zPxrE+A/S7EWer4zP++J1bsM2h8=
-21,14,/9wKQ6i2JKfQMpaEIQqCLGgu7ag=,Q9doH2lidqy7OrsUG+iEg3mKzso=
-20,14,/9wKQ6i2JKfQMpaEIQqCLGgu7ag=,+gzkr7xowxNGMv9nA9IOupxa6A4=
-19,12,/9wKQ6i2JKfQMpaEIQqCLGgu7ag=,+gzkr7xowxNGMv9nA9IOupxa6A4=
-20,11,/9wKQ6i2JKfQMpaEIQqCLGgu7ag=,4LwYq5cFUWSg4kcvtJ3GA2MyJe0=
-18,14,/9wKQ6i2JKfQMpaEIQqCLGgu7ag=,+gzkr7xowxNGMv9nA9IOupxa6A4=
-21,13,/9wKQ6i2JKfQMpaEIQqCLGgu7ag=,Q9doH2lidqy7OrsUG+iEg3mKzso=
-20,12,/9wKQ6i2JKfQMpaEIQqCLGgu7ag=,+gzkr7xowxNGMv9nA9IOupxa6A4=
-21,12,/9wKQ6i2JKfQMpaEIQqCLGgu7ag=,Q9doH2lidqy7OrsUG+iEg3mKzso=
-21,11,/9wKQ6i2JKfQMpaEIQqCLGgu7ag=,zPxrE+A/S7EWer4zP++J1bsM2h8=
-20,13,/9wKQ6i2JKfQMpaEIQqCLGgu7ag=,+gzkr7xowxNGMv9nA9IOupxa6A4=
-19,11,/9wKQ6i2JKfQMpaEIQqCLGgu7ag=,4LwYq5cFUWSg4kcvtJ3GA2MyJe0=
-23,12,/9wKQ6i2JKfQMpaEIQqCLGgu7ag=,Q9doH2lidqy7OrsUG+iEg3mKzso=
-19,2,/9wKQ6i2JKfQMpaEIQqCLGgu7ag=,9dgJUQEJMTjuOTDRU/RbPHRkg60=
-18,11,/9wKQ6i2JKfQMpaEIQqCLGgu7ag=,4LwYq5cFUWSg4kcvtJ3GA2MyJe0=
-18,1,/9wKQ6i2JKfQMpaEIQqCLGgu7ag=,9dgJUQEJMTjuOTDRU/RbPHRkg60=
-18,13,/9wKQ6i2JKfQMpaEIQqCLGgu7ag=,+gzkr7xowxNGMv9nA9IOupxa6A4=
-19,3,/9wKQ6i2JKfQMpaEIQqCLGgu7ag=,9dgJUQEJMTjuOTDRU/RbPHRkg60=
-19,4,/9wKQ6i2JKfQMpaEIQqCLGgu7ag=,VSZLvtuzx6/OKZla+cmjWsXTUpM=
-19,1,/9wKQ6i2JKfQMpaEIQqCLGgu7ag=,9dgJUQEJMTjuOTDRU/RbPHRkg60=
-19,14,/9wKQ6i2JKfQMpaEIQqCLGgu7ag=,+gzkr7xowxNGMv9nA9IOupxa6A4=
-18,3,/9wKQ6i2JKfQMpaEIQqCLGgu7ag=,9dgJUQEJMTjuOTDRU/RbPHRkg60=
-19,13,/9wKQ6i2JKfQMpaEIQqCLGgu7ag=,+gzkr7xowxNGMv9nA9IOupxa6A4=
-18,12,/9wKQ6i2JKfQMpaEIQqCLGgu7ag=,+gzkr7xowxNGMv9nA9IOupxa6A4=
-18,4,/9wKQ6i2JKfQMpaEIQqCLGgu7ag=,VSZLvtuzx6/OKZla+cmjWsXTUpM=
-18,2,/9wKQ6i2JKfQMpaEIQqCLGgu7ag=,9dgJUQEJMTjuOTDRU/RbPHRkg60=
-26,14,/9wKQ6i2JKfQMpaEIQqCLGgu7ag=,ytjH9DSi8ahP7nJPLzADRzSS2uU=
-25,14,/9wKQ6i2JKfQMpaEIQqCLGgu7ag=,ytjH9DSi8ahP7nJPLzADRzSS2uU=
-27,14,/9wKQ6i2JKfQMpaEIQqCLGgu7ag=,ytjH9DSi8ahP7nJPLzADRzSS2uU=
-27,13,/9wKQ6i2JKfQMpaEIQqCLGgu7ag=,ytjH9DSi8ahP7nJPLzADRzSS2uU=
-24,12,/9wKQ6i2JKfQMpaEIQqCLGgu7ag=,Q9doH2lidqy7OrsUG+iEg3mKzso=
-24,13,/9wKQ6i2JKfQMpaEIQqCLGgu7ag=,Q9doH2lidqy7OrsUG+iEg3mKzso=
-25,13,/9wKQ6i2JKfQMpaEIQqCLGgu7ag=,ytjH9DSi8ahP7nJPLzADRzSS2uU=
-26,13,/9wKQ6i2JKfQMpaEIQqCLGgu7ag=,ytjH9DSi8ahP7nJPLzADRzSS2uU=
-24,14,/9wKQ6i2JKfQMpaEIQqCLGgu7ag=,Q9doH2lidqy7OrsUG+iEg3mKzso=
-24,11,/9wKQ6i2JKfQMpaEIQqCLGgu7ag=,zPxrE+A/S7EWer4zP++J1bsM2h8=
-25,11,/9wKQ6i2JKfQMpaEIQqCLGgu7ag=,UQ6yWyXxQW7mKU3DNXNkw8zIPC4=
-27,11,/9wKQ6i2JKfQMpaEIQqCLGgu7ag=,UQ6yWyXxQW7mKU3DNXNkw8zIPC4=
-25,12,/9wKQ6i2JKfQMpaEIQqCLGgu7ag=,ytjH9DSi8ahP7nJPLzADRzSS2uU=
-26,11,/9wKQ6i2JKfQMpaEIQqCLGgu7ag=,UQ6yWyXxQW7mKU3DNXNkw8zIPC4=
-26,12,/9wKQ6i2JKfQMpaEIQqCLGgu7ag=,ytjH9DSi8ahP7nJPLzADRzSS2uU=
-27,12,/9wKQ6i2JKfQMpaEIQqCLGgu7ag=,ytjH9DSi8ahP7nJPLzADRzSS2uU=
-28,12,/9wKQ6i2JKfQMpaEIQqCLGgu7ag=,ytjH9DSi8ahP7nJPLzADRzSS2uU=
-30,1,/9wKQ6i2JKfQMpaEIQqCLGgu7ag=,bKM0gQGSF2GdqbYXXklolTLhz2U=
-30,13,/9wKQ6i2JKfQMpaEIQqCLGgu7ag=,lH/0e89OJmYWk7m8hc1YFlJS6co=
-29,12,/9wKQ6i2JKfQMpaEIQqCLGgu7ag=,lH/0e89OJmYWk7m8hc1YFlJS6co=
-28,13,/9wKQ6i2JKfQMpaEIQqCLGgu7ag=,ytjH9DSi8ahP7nJPLzADRzSS2uU=
-29,13,/9wKQ6i2JKfQMpaEIQqCLGgu7ag=,lH/0e89OJmYWk7m8hc1YFlJS6co=
-29,14,/9wKQ6i2JKfQMpaEIQqCLGgu7ag=,lH/0e89OJmYWk7m8hc1YFlJS6co=
-30,11,/9wKQ6i2JKfQMpaEIQqCLGgu7ag=,Da8Xiidy8ZB/4eC70Ab5JL/W9wM=
-30,2,/9wKQ6i2JKfQMpaEIQqCLGgu7ag=,bKM0gQGSF2GdqbYXXklolTLhz2U=
-30,12,/9wKQ6i2JKfQMpaEIQqCLGgu7ag=,lH/0e89OJmYWk7m8hc1YFlJS6co=
-28,11,/9wKQ6i2JKfQMpaEIQqCLGgu7ag=,UQ6yWyXxQW7mKU3DNXNkw8zIPC4=
-29,11,/9wKQ6i2JKfQMpaEIQqCLGgu7ag=,Da8Xiidy8ZB/4eC70Ab5JL/W9wM=
-28,14,/9wKQ6i2JKfQMpaEIQqCLGgu7ag=,ytjH9DSi8ahP7nJPLzADRzSS2uU=
-30,14,/9wKQ6i2JKfQMpaEIQqCLGgu7ag=,lH/0e89OJmYWk7m8hc1YFlJS6co=
-26,3,/9wKQ6i2JKfQMpaEIQqCLGgu7ag=,Urb86bgnlw5ZvuvhMQFmYRDiMyk=
-26,2,/9wKQ6i2JKfQMpaEIQqCLGgu7ag=,Urb86bgnlw5ZvuvhMQFmYRDiMyk=
-28,2,/9wKQ6i2JKfQMpaEIQqCLGgu7ag=,Urb86bgnlw5ZvuvhMQFmYRDiMyk=
-26,4,/9wKQ6i2JKfQMpaEIQqCLGgu7ag=,5cm7l+zGXZWr80j2DO/ZAL5hPNo=
-27,2,/9wKQ6i2JKfQMpaEIQqCLGgu7ag=,Urb86bgnlw5ZvuvhMQFmYRDiMyk=
-26,1,/9wKQ6i2JKfQMpaEIQqCLGgu7ag=,Urb86bgnlw5ZvuvhMQFmYRDiMyk=
-27,1,/9wKQ6i2JKfQMpaEIQqCLGgu7ag=,Urb86bgnlw5ZvuvhMQFmYRDiMyk=
-29,2,/9wKQ6i2JKfQMpaEIQqCLGgu7ag=,bKM0gQGSF2GdqbYXXklolTLhz2U=
-27,4,/9wKQ6i2JKfQMpaEIQqCLGgu7ag=,5cm7l+zGXZWr80j2DO/ZAL5hPNo=
-27,3,/9wKQ6i2JKfQMpaEIQqCLGgu7ag=,Urb86bgnlw5ZvuvhMQFmYRDiMyk=
-29,1,/9wKQ6i2JKfQMpaEIQqCLGgu7ag=,bKM0gQGSF2GdqbYXXklolTLhz2U=
-28,1,/9wKQ6i2JKfQMpaEIQqCLGgu7ag=,Urb86bgnlw5ZvuvhMQFmYRDiMyk=
-24,3,/9wKQ6i2JKfQMpaEIQqCLGgu7ag=,XGQgraOjCkhs7/5JpHC2N8jaL2I=
-21,2,/9wKQ6i2JKfQMpaEIQqCLGgu7ag=,XGQgraOjCkhs7/5JpHC2N8jaL2I=
-25,3,/9wKQ6i2JKfQMpaEIQqCLGgu7ag=,Urb86bgnlw5ZvuvhMQFmYRDiMyk=
-25,2,/9wKQ6i2JKfQMpaEIQqCLGgu7ag=,Urb86bgnlw5ZvuvhMQFmYRDiMyk=
-24,2,/9wKQ6i2JKfQMpaEIQqCLGgu7ag=,XGQgraOjCkhs7/5JpHC2N8jaL2I=
-20,2,/9wKQ6i2JKfQMpaEIQqCLGgu7ag=,9dgJUQEJMTjuOTDRU/RbPHRkg60=
-22,2,/9wKQ6i2JKfQMpaEIQqCLGgu7ag=,XGQgraOjCkhs7/5JpHC2N8jaL2I=
-24,4,/9wKQ6i2JKfQMpaEIQqCLGgu7ag=,MWZYGEBMKjjaTEueVW84kpevHTQ=
-21,4,/9wKQ6i2JKfQMpaEIQqCLGgu7ag=,MWZYGEBMKjjaTEueVW84kpevHTQ=
-23,2,/9wKQ6i2JKfQMpaEIQqCLGgu7ag=,XGQgraOjCkhs7/5JpHC2N8jaL2I=
-20,3,/9wKQ6i2JKfQMpaEIQqCLGgu7ag=,9dgJUQEJMTjuOTDRU/RbPHRkg60=
-20,4,/9wKQ6i2JKfQMpaEIQqCLGgu7ag=,VSZLvtuzx6/OKZla+cmjWsXTUpM=
-24,1,/9wKQ6i2JKfQMpaEIQqCLGgu7ag=,XGQgraOjCkhs7/5JpHC2N8jaL2I=
-17,5,/9wKQ6i2JKfQMpaEIQqCLGgu7ag=,VSZLvtuzx6/OKZla+cmjWsXTUpM=
-23,3,/9wKQ6i2JKfQMpaEIQqCLGgu7ag=,XGQgraOjCkhs7/5JpHC2N8jaL2I=
-22,1,/9wKQ6i2JKfQMpaEIQqCLGgu7ag=,XGQgraOjCkhs7/5JpHC2N8jaL2I=
-17,6,/9wKQ6i2JKfQMpaEIQqCLGgu7ag=,VSZLvtuzx6/OKZla+cmjWsXTUpM=
-25,1,/9wKQ6i2JKfQMpaEIQqCLGgu7ag=,Urb86bgnlw5ZvuvhMQFmYRDiMyk=
-17,3,/9wKQ6i2JKfQMpaEIQqCLGgu7ag=,9dgJUQEJMTjuOTDRU/RbPHRkg60=
-22,4,/9wKQ6i2JKfQMpaEIQqCLGgu7ag=,MWZYGEBMKjjaTEueVW84kpevHTQ=
-23,1,/9wKQ6i2JKfQMpaEIQqCLGgu7ag=,XGQgraOjCkhs7/5JpHC2N8jaL2I=
-17,4,/9wKQ6i2JKfQMpaEIQqCLGgu7ag=,VSZLvtuzx6/OKZla+cmjWsXTUpM=
-17,1,/9wKQ6i2JKfQMpaEIQqCLGgu7ag=,9dgJUQEJMTjuOTDRU/RbPHRkg60=
-17,2,/9wKQ6i2JKfQMpaEIQqCLGgu7ag=,9dgJUQEJMTjuOTDRU/RbPHRkg60=
-23,4,/9wKQ6i2JKfQMpaEIQqCLGgu7ag=,MWZYGEBMKjjaTEueVW84kpevHTQ=
-21,3,/9wKQ6i2JKfQMpaEIQqCLGgu7ag=,XGQgraOjCkhs7/5JpHC2N8jaL2I=
-22,3,/9wKQ6i2JKfQMpaEIQqCLGgu7ag=,XGQgraOjCkhs7/5JpHC2N8jaL2I=
-25,4,/9wKQ6i2JKfQMpaEIQqCLGgu7ag=,5cm7l+zGXZWr80j2DO/ZAL5hPNo=
-20,1,/9wKQ6i2JKfQMpaEIQqCLGgu7ag=,9dgJUQEJMTjuOTDRU/RbPHRkg60=
-21,1,/9wKQ6i2JKfQMpaEIQqCLGgu7ag=,XGQgraOjCkhs7/5JpHC2N8jaL2I=
-28,7,/9wKQ6i2JKfQMpaEIQqCLGgu7ag=,5cm7l+zGXZWr80j2DO/ZAL5hPNo=
-28,6,/9wKQ6i2JKfQMpaEIQqCLGgu7ag=,5cm7l+zGXZWr80j2DO/ZAL5hPNo=
-29,7,/9wKQ6i2JKfQMpaEIQqCLGgu7ag=,QyDEIhPTiqL06qiR2bFQB+eY1Ms=
-29,4,/9wKQ6i2JKfQMpaEIQqCLGgu7ag=,QyDEIhPTiqL06qiR2bFQB+eY1Ms=
-28,5,/9wKQ6i2JKfQMpaEIQqCLGgu7ag=,5cm7l+zGXZWr80j2DO/ZAL5hPNo=
-29,5,/9wKQ6i2JKfQMpaEIQqCLGgu7ag=,QyDEIhPTiqL06qiR2bFQB+eY1Ms=
-29,8,/9wKQ6i2JKfQMpaEIQqCLGgu7ag=,Da8Xiidy8ZB/4eC70Ab5JL/W9wM=
-28,3,/9wKQ6i2JKfQMpaEIQqCLGgu7ag=,Urb86bgnlw5ZvuvhMQFmYRDiMyk=
-28,4,/9wKQ6i2JKfQMpaEIQqCLGgu7ag=,5cm7l+zGXZWr80j2DO/ZAL5hPNo=
-29,3,/9wKQ6i2JKfQMpaEIQqCLGgu7ag=,bKM0gQGSF2GdqbYXXklolTLhz2U=
-29,6,/9wKQ6i2JKfQMpaEIQqCLGgu7ag=,QyDEIhPTiqL06qiR2bFQB+eY1Ms=
-30,7,/9wKQ6i2JKfQMpaEIQqCLGgu7ag=,QyDEIhPTiqL06qiR2bFQB+eY1Ms=
-30,8,/9wKQ6i2JKfQMpaEIQqCLGgu7ag=,Da8Xiidy8ZB/4eC70Ab5JL/W9wM=
-28,8,/9wKQ6i2JKfQMpaEIQqCLGgu7ag=,UQ6yWyXxQW7mKU3DNXNkw8zIPC4=
-30,5,/9wKQ6i2JKfQMpaEIQqCLGgu7ag=,QyDEIhPTiqL06qiR2bFQB+eY1Ms=
-30,6,/9wKQ6i2JKfQMpaEIQqCLGgu7ag=,QyDEIhPTiqL06qiR2bFQB+eY1Ms=
-30,4,/9wKQ6i2JKfQMpaEIQqCLGgu7ag=,QyDEIhPTiqL06qiR2bFQB+eY1Ms=
-30,3,/9wKQ6i2JKfQMpaEIQqCLGgu7ag=,bKM0gQGSF2GdqbYXXklolTLhz2U=
-18,0,/9wKQ6i2JKfQMpaEIQqCLGgu7ag=,9dgJUQEJMTjuOTDRU/RbPHRkg60=
-19,0,/9wKQ6i2JKfQMpaEIQqCLGgu7ag=,9dgJUQEJMTjuOTDRU/RbPHRkg60=
-23,0,/9wKQ6i2JKfQMpaEIQqCLGgu7ag=,XGQgraOjCkhs7/5JpHC2N8jaL2I=
-22,0,/9wKQ6i2JKfQMpaEIQqCLGgu7ag=,XGQgraOjCkhs7/5JpHC2N8jaL2I=
-21,0,/9wKQ6i2JKfQMpaEIQqCLGgu7ag=,XGQgraOjCkhs7/5JpHC2N8jaL2I=
-17,0,/9wKQ6i2JKfQMpaEIQqCLGgu7ag=,9dgJUQEJMTjuOTDRU/RbPHRkg60=
-24,0,/9wKQ6i2JKfQMpaEIQqCLGgu7ag=,XGQgraOjCkhs7/5JpHC2N8jaL2I=
-30,0,/9wKQ6i2JKfQMpaEIQqCLGgu7ag=,bKM0gQGSF2GdqbYXXklolTLhz2U=
-28,0,/9wKQ6i2JKfQMpaEIQqCLGgu7ag=,Urb86bgnlw5ZvuvhMQFmYRDiMyk=
-29,0,/9wKQ6i2JKfQMpaEIQqCLGgu7ag=,bKM0gQGSF2GdqbYXXklolTLhz2U=
-20,0,/9wKQ6i2JKfQMpaEIQqCLGgu7ag=,9dgJUQEJMTjuOTDRU/RbPHRkg60=
-25,0,/9wKQ6i2JKfQMpaEIQqCLGgu7ag=,Urb86bgnlw5ZvuvhMQFmYRDiMyk=
-27,0,/9wKQ6i2JKfQMpaEIQqCLGgu7ag=,Urb86bgnlw5ZvuvhMQFmYRDiMyk=
-26,0,/9wKQ6i2JKfQMpaEIQqCLGgu7ag=,Urb86bgnlw5ZvuvhMQFmYRDiMyk=
-27,15,/9wKQ6i2JKfQMpaEIQqCLGgu7ag=,ytjH9DSi8ahP7nJPLzADRzSS2uU=
-26,15,/9wKQ6i2JKfQMpaEIQqCLGgu7ag=,ytjH9DSi8ahP7nJPLzADRzSS2uU=
-29,15,/9wKQ6i2JKfQMpaEIQqCLGgu7ag=,lH/0e89OJmYWk7m8hc1YFlJS6co=
-17,9,/9wKQ6i2JKfQMpaEIQqCLGgu7ag=,4LwYq5cFUWSg4kcvtJ3GA2MyJe0=
-17,7,/9wKQ6i2JKfQMpaEIQqCLGgu7ag=,VSZLvtuzx6/OKZla+cmjWsXTUpM=
-17,10,/9wKQ6i2JKfQMpaEIQqCLGgu7ag=,4LwYq5cFUWSg4kcvtJ3GA2MyJe0=
-28,15,/9wKQ6i2JKfQMpaEIQqCLGgu7ag=,ytjH9DSi8ahP7nJPLzADRzSS2uU=
-19,15,/9wKQ6i2JKfQMpaEIQqCLGgu7ag=,+gzkr7xowxNGMv9nA9IOupxa6A4=
-17,8,/9wKQ6i2JKfQMpaEIQqCLGgu7ag=,4LwYq5cFUWSg4kcvtJ3GA2MyJe0=
-18,15,/9wKQ6i2JKfQMpaEIQqCLGgu7ag=,+gzkr7xowxNGMv9nA9IOupxa6A4=
-30,15,/9wKQ6i2JKfQMpaEIQqCLGgu7ag=,lH/0e89OJmYWk7m8hc1YFlJS6co=
-17,14,/9wKQ6i2JKfQMpaEIQqCLGgu7ag=,+gzkr7xowxNGMv9nA9IOupxa6A4=
-17,13,/9wKQ6i2JKfQMpaEIQqCLGgu7ag=,+gzkr7xowxNGMv9nA9IOupxa6A4=
-17,11,/9wKQ6i2JKfQMpaEIQqCLGgu7ag=,4LwYq5cFUWSg4kcvtJ3GA2MyJe0=
-17,12,/9wKQ6i2JKfQMpaEIQqCLGgu7ag=,+gzkr7xowxNGMv9nA9IOupxa6A4=
-17,15,/9wKQ6i2JKfQMpaEIQqCLGgu7ag=,+gzkr7xowxNGMv9nA9IOupxa6A4=
-21,15,/9wKQ6i2JKfQMpaEIQqCLGgu7ag=,Q9doH2lidqy7OrsUG+iEg3mKzso=
-24,15,/9wKQ6i2JKfQMpaEIQqCLGgu7ag=,Q9doH2lidqy7OrsUG+iEg3mKzso=
-20,15,/9wKQ6i2JKfQMpaEIQqCLGgu7ag=,+gzkr7xowxNGMv9nA9IOupxa6A4=
-23,15,/9wKQ6i2JKfQMpaEIQqCLGgu7ag=,Q9doH2lidqy7OrsUG+iEg3mKzso=
-25,15,/9wKQ6i2JKfQMpaEIQqCLGgu7ag=,ytjH9DSi8ahP7nJPLzADRzSS2uU=
-22,15,/9wKQ6i2JKfQMpaEIQqCLGgu7ag=,Q9doH2lidqy7OrsUG+iEg3mKzso=
-26,22,rPYVxEpLfNiqpFKrX2I0U4rhJls=,lDtRc3E6eM2Ikj0QQgaGmshuRUE=
-24,22,rPYVxEpLfNiqpFKrX2I0U4rhJls=,lDtRc3E6eM2Ikj0QQgaGmshuRUE=
-23,22,rPYVxEpLfNiqpFKrX2I0U4rhJls=,lDtRc3E6eM2Ikj0QQgaGmshuRUE=
-27,21,rPYVxEpLfNiqpFKrX2I0U4rhJls=,lDtRc3E6eM2Ikj0QQgaGmshuRUE=
-22,21,rPYVxEpLfNiqpFKrX2I0U4rhJls=,lDtRc3E6eM2Ikj0QQgaGmshuRUE=
-26,21,rPYVxEpLfNiqpFKrX2I0U4rhJls=,lDtRc3E6eM2Ikj0QQgaGmshuRUE=
-23,21,rPYVxEpLfNiqpFKrX2I0U4rhJls=,lDtRc3E6eM2Ikj0QQgaGmshuRUE=
-25,21,rPYVxEpLfNiqpFKrX2I0U4rhJls=,lDtRc3E6eM2Ikj0QQgaGmshuRUE=
-24,21,rPYVxEpLfNiqpFKrX2I0U4rhJls=,lDtRc3E6eM2Ikj0QQgaGmshuRUE=
-25,22,rPYVxEpLfNiqpFKrX2I0U4rhJls=,lDtRc3E6eM2Ikj0QQgaGmshuRUE=
-22,22,rPYVxEpLfNiqpFKrX2I0U4rhJls=,lDtRc3E6eM2Ikj0QQgaGmshuRUE=
-25,18,rPYVxEpLfNiqpFKrX2I0U4rhJls=,5dEMIE09kSZhlTtEZiepb67GcSU=
-27,19,rPYVxEpLfNiqpFKrX2I0U4rhJls=,5dEMIE09kSZhlTtEZiepb67GcSU=
-27,22,rPYVxEpLfNiqpFKrX2I0U4rhJls=,lDtRc3E6eM2Ikj0QQgaGmshuRUE=
-24,18,rPYVxEpLfNiqpFKrX2I0U4rhJls=,UCYCLBnxxp15QypTrRVWZ4VTpH8=
-23,18,rPYVxEpLfNiqpFKrX2I0U4rhJls=,UCYCLBnxxp15QypTrRVWZ4VTpH8=
-22,17,rPYVxEpLfNiqpFKrX2I0U4rhJls=,UCYCLBnxxp15QypTrRVWZ4VTpH8=
-25,20,rPYVxEpLfNiqpFKrX2I0U4rhJls=,lDtRc3E6eM2Ikj0QQgaGmshuRUE=
-26,18,rPYVxEpLfNiqpFKrX2I0U4rhJls=,5dEMIE09kSZhlTtEZiepb67GcSU=
-27,18,rPYVxEpLfNiqpFKrX2I0U4rhJls=,5dEMIE09kSZhlTtEZiepb67GcSU=
-22,18,rPYVxEpLfNiqpFKrX2I0U4rhJls=,UCYCLBnxxp15QypTrRVWZ4VTpH8=
-26,19,rPYVxEpLfNiqpFKrX2I0U4rhJls=,5dEMIE09kSZhlTtEZiepb67GcSU=
-25,17,rPYVxEpLfNiqpFKrX2I0U4rhJls=,5dEMIE09kSZhlTtEZiepb67GcSU=
-26,17,rPYVxEpLfNiqpFKrX2I0U4rhJls=,5dEMIE09kSZhlTtEZiepb67GcSU=
-23,17,rPYVxEpLfNiqpFKrX2I0U4rhJls=,UCYCLBnxxp15QypTrRVWZ4VTpH8=
-24,19,rPYVxEpLfNiqpFKrX2I0U4rhJls=,UCYCLBnxxp15QypTrRVWZ4VTpH8=
-27,20,rPYVxEpLfNiqpFKrX2I0U4rhJls=,lDtRc3E6eM2Ikj0QQgaGmshuRUE=
-24,20,rPYVxEpLfNiqpFKrX2I0U4rhJls=,lDtRc3E6eM2Ikj0QQgaGmshuRUE=
-26,20,rPYVxEpLfNiqpFKrX2I0U4rhJls=,lDtRc3E6eM2Ikj0QQgaGmshuRUE=
-27,17,rPYVxEpLfNiqpFKrX2I0U4rhJls=,5dEMIE09kSZhlTtEZiepb67GcSU=
-22,19,rPYVxEpLfNiqpFKrX2I0U4rhJls=,UCYCLBnxxp15QypTrRVWZ4VTpH8=
-22,20,rPYVxEpLfNiqpFKrX2I0U4rhJls=,lDtRc3E6eM2Ikj0QQgaGmshuRUE=
-24,17,rPYVxEpLfNiqpFKrX2I0U4rhJls=,UCYCLBnxxp15QypTrRVWZ4VTpH8=
-23,19,rPYVxEpLfNiqpFKrX2I0U4rhJls=,UCYCLBnxxp15QypTrRVWZ4VTpH8=
-25,19,rPYVxEpLfNiqpFKrX2I0U4rhJls=,5dEMIE09kSZhlTtEZiepb67GcSU=
-23,20,rPYVxEpLfNiqpFKrX2I0U4rhJls=,lDtRc3E6eM2Ikj0QQgaGmshuRUE=
-20,18,HiN9jA3cEs4K+OEsXJQZYmlS470=,MWZYGEBMKjjaTEueVW84kpevHTQ=
-18,17,HiN9jA3cEs4K+OEsXJQZYmlS470=,MWZYGEBMKjjaTEueVW84kpevHTQ=
-21,18,HiN9jA3cEs4K+OEsXJQZYmlS470=,UCYCLBnxxp15QypTrRVWZ4VTpH8=
-21,17,HiN9jA3cEs4K+OEsXJQZYmlS470=,UCYCLBnxxp15QypTrRVWZ4VTpH8=
-18,26,HiN9jA3cEs4K+OEsXJQZYmlS470=,IDkqQ6WKihTd6Mmcynm2KMcIV0I=
-19,17,HiN9jA3cEs4K+OEsXJQZYmlS470=,MWZYGEBMKjjaTEueVW84kpevHTQ=
-20,17,HiN9jA3cEs4K+OEsXJQZYmlS470=,MWZYGEBMKjjaTEueVW84kpevHTQ=
-22,26,HiN9jA3cEs4K+OEsXJQZYmlS470=,twQ9EfaI+sRX+V0RCpXscFk1uAU=
-19,26,HiN9jA3cEs4K+OEsXJQZYmlS470=,IDkqQ6WKihTd6Mmcynm2KMcIV0I=
-20,25,HiN9jA3cEs4K+OEsXJQZYmlS470=,IDkqQ6WKihTd6Mmcynm2KMcIV0I=
-22,24,HiN9jA3cEs4K+OEsXJQZYmlS470=,twQ9EfaI+sRX+V0RCpXscFk1uAU=
-21,25,HiN9jA3cEs4K+OEsXJQZYmlS470=,twQ9EfaI+sRX+V0RCpXscFk1uAU=
-23,23,HiN9jA3cEs4K+OEsXJQZYmlS470=,lDtRc3E6eM2Ikj0QQgaGmshuRUE=
-18,18,HiN9jA3cEs4K+OEsXJQZYmlS470=,MWZYGEBMKjjaTEueVW84kpevHTQ=
-18,25,HiN9jA3cEs4K+OEsXJQZYmlS470=,IDkqQ6WKihTd6Mmcynm2KMcIV0I=
-22,23,HiN9jA3cEs4K+OEsXJQZYmlS470=,lDtRc3E6eM2Ikj0QQgaGmshuRUE=
-21,26,HiN9jA3cEs4K+OEsXJQZYmlS470=,twQ9EfaI+sRX+V0RCpXscFk1uAU=
-19,18,HiN9jA3cEs4K+OEsXJQZYmlS470=,MWZYGEBMKjjaTEueVW84kpevHTQ=
-20,26,HiN9jA3cEs4K+OEsXJQZYmlS470=,IDkqQ6WKihTd6Mmcynm2KMcIV0I=
-23,25,HiN9jA3cEs4K+OEsXJQZYmlS470=,twQ9EfaI+sRX+V0RCpXscFk1uAU=
-23,24,HiN9jA3cEs4K+OEsXJQZYmlS470=,twQ9EfaI+sRX+V0RCpXscFk1uAU=
-19,25,HiN9jA3cEs4K+OEsXJQZYmlS470=,IDkqQ6WKihTd6Mmcynm2KMcIV0I=
-23,26,HiN9jA3cEs4K+OEsXJQZYmlS470=,twQ9EfaI+sRX+V0RCpXscFk1uAU=
-22,25,HiN9jA3cEs4K+OEsXJQZYmlS470=,twQ9EfaI+sRX+V0RCpXscFk1uAU=
-20,21,HiN9jA3cEs4K+OEsXJQZYmlS470=,0GI/cICcuLNmYuNwaGV8tEKSRv4=
-18,20,HiN9jA3cEs4K+OEsXJQZYmlS470=,0GI/cICcuLNmYuNwaGV8tEKSRv4=
-19,21,HiN9jA3cEs4K+OEsXJQZYmlS470=,0GI/cICcuLNmYuNwaGV8tEKSRv4=
-20,20,HiN9jA3cEs4K+OEsXJQZYmlS470=,0GI/cICcuLNmYuNwaGV8tEKSRv4=
-18,23,HiN9jA3cEs4K+OEsXJQZYmlS470=,0GI/cICcuLNmYuNwaGV8tEKSRv4=
-19,20,HiN9jA3cEs4K+OEsXJQZYmlS470=,0GI/cICcuLNmYuNwaGV8tEKSRv4=
-21,24,HiN9jA3cEs4K+OEsXJQZYmlS470=,twQ9EfaI+sRX+V0RCpXscFk1uAU=
-21,23,HiN9jA3cEs4K+OEsXJQZYmlS470=,lDtRc3E6eM2Ikj0QQgaGmshuRUE=
-18,22,HiN9jA3cEs4K+OEsXJQZYmlS470=,0GI/cICcuLNmYuNwaGV8tEKSRv4=
-21,19,HiN9jA3cEs4K+OEsXJQZYmlS470=,UCYCLBnxxp15QypTrRVWZ4VTpH8=
-19,19,HiN9jA3cEs4K+OEsXJQZYmlS470=,MWZYGEBMKjjaTEueVW84kpevHTQ=
-20,19,HiN9jA3cEs4K+OEsXJQZYmlS470=,MWZYGEBMKjjaTEueVW84kpevHTQ=
-19,24,HiN9jA3cEs4K+OEsXJQZYmlS470=,IDkqQ6WKihTd6Mmcynm2KMcIV0I=
-20,24,HiN9jA3cEs4K+OEsXJQZYmlS470=,IDkqQ6WKihTd6Mmcynm2KMcIV0I=
-19,23,HiN9jA3cEs4K+OEsXJQZYmlS470=,0GI/cICcuLNmYuNwaGV8tEKSRv4=
-20,23,HiN9jA3cEs4K+OEsXJQZYmlS470=,0GI/cICcuLNmYuNwaGV8tEKSRv4=
-21,22,HiN9jA3cEs4K+OEsXJQZYmlS470=,lDtRc3E6eM2Ikj0QQgaGmshuRUE=
-18,24,HiN9jA3cEs4K+OEsXJQZYmlS470=,IDkqQ6WKihTd6Mmcynm2KMcIV0I=
-21,21,HiN9jA3cEs4K+OEsXJQZYmlS470=,lDtRc3E6eM2Ikj0QQgaGmshuRUE=
-21,20,HiN9jA3cEs4K+OEsXJQZYmlS470=,lDtRc3E6eM2Ikj0QQgaGmshuRUE=
-20,22,HiN9jA3cEs4K+OEsXJQZYmlS470=,0GI/cICcuLNmYuNwaGV8tEKSRv4=
-19,22,HiN9jA3cEs4K+OEsXJQZYmlS470=,0GI/cICcuLNmYuNwaGV8tEKSRv4=
-18,19,HiN9jA3cEs4K+OEsXJQZYmlS470=,MWZYGEBMKjjaTEueVW84kpevHTQ=
-18,21,HiN9jA3cEs4K+OEsXJQZYmlS470=,0GI/cICcuLNmYuNwaGV8tEKSRv4=
-30,29,HiN9jA3cEs4K+OEsXJQZYmlS470=,ospRDz2v6lTyjyjZVDEVUZwjRfQ=
-30,30,HiN9jA3cEs4K+OEsXJQZYmlS470=,ospRDz2v6lTyjyjZVDEVUZwjRfQ=
-30,26,HiN9jA3cEs4K+OEsXJQZYmlS470=,Czo6CS9/Xjg3gNJSNGeEOLSxonQ=
-30,25,HiN9jA3cEs4K+OEsXJQZYmlS470=,Czo6CS9/Xjg3gNJSNGeEOLSxonQ=
-30,27,HiN9jA3cEs4K+OEsXJQZYmlS470=,Czo6CS9/Xjg3gNJSNGeEOLSxonQ=
-30,28,HiN9jA3cEs4K+OEsXJQZYmlS470=,ospRDz2v6lTyjyjZVDEVUZwjRfQ=
-28,30,HiN9jA3cEs4K+OEsXJQZYmlS470=,Ft/ES1Xy47fcga8lFyAr+x2KbtQ=
-26,29,HiN9jA3cEs4K+OEsXJQZYmlS470=,Ft/ES1Xy47fcga8lFyAr+x2KbtQ=
-27,30,HiN9jA3cEs4K+OEsXJQZYmlS470=,Ft/ES1Xy47fcga8lFyAr+x2KbtQ=
-29,30,HiN9jA3cEs4K+OEsXJQZYmlS470=,ospRDz2v6lTyjyjZVDEVUZwjRfQ=
-28,29,HiN9jA3cEs4K+OEsXJQZYmlS470=,Ft/ES1Xy47fcga8lFyAr+x2KbtQ=
-27,29,HiN9jA3cEs4K+OEsXJQZYmlS470=,Ft/ES1Xy47fcga8lFyAr+x2KbtQ=
-29,29,HiN9jA3cEs4K+OEsXJQZYmlS470=,ospRDz2v6lTyjyjZVDEVUZwjRfQ=
-26,30,HiN9jA3cEs4K+OEsXJQZYmlS470=,Ft/ES1Xy47fcga8lFyAr+x2KbtQ=
-29,26,HiN9jA3cEs4K+OEsXJQZYmlS470=,Czo6CS9/Xjg3gNJSNGeEOLSxonQ=
-26,27,HiN9jA3cEs4K+OEsXJQZYmlS470=,twQ9EfaI+sRX+V0RCpXscFk1uAU=
-27,27,HiN9jA3cEs4K+OEsXJQZYmlS470=,twQ9EfaI+sRX+V0RCpXscFk1uAU=
-28,27,HiN9jA3cEs4K+OEsXJQZYmlS470=,twQ9EfaI+sRX+V0RCpXscFk1uAU=
-25,24,HiN9jA3cEs4K+OEsXJQZYmlS470=,twQ9EfaI+sRX+V0RCpXscFk1uAU=
-24,26,HiN9jA3cEs4K+OEsXJQZYmlS470=,twQ9EfaI+sRX+V0RCpXscFk1uAU=
-24,24,HiN9jA3cEs4K+OEsXJQZYmlS470=,twQ9EfaI+sRX+V0RCpXscFk1uAU=
-25,23,HiN9jA3cEs4K+OEsXJQZYmlS470=,lDtRc3E6eM2Ikj0QQgaGmshuRUE=
-24,23,HiN9jA3cEs4K+OEsXJQZYmlS470=,lDtRc3E6eM2Ikj0QQgaGmshuRUE=
-27,26,HiN9jA3cEs4K+OEsXJQZYmlS470=,twQ9EfaI+sRX+V0RCpXscFk1uAU=
-27,28,HiN9jA3cEs4K+OEsXJQZYmlS470=,Ft/ES1Xy47fcga8lFyAr+x2KbtQ=
-26,28,HiN9jA3cEs4K+OEsXJQZYmlS470=,Ft/ES1Xy47fcga8lFyAr+x2KbtQ=
-25,26,HiN9jA3cEs4K+OEsXJQZYmlS470=,twQ9EfaI+sRX+V0RCpXscFk1uAU=
-29,28,HiN9jA3cEs4K+OEsXJQZYmlS470=,ospRDz2v6lTyjyjZVDEVUZwjRfQ=
-28,28,4IkMFq5tj8MkpSU6GYqut9B1pGM=,Ft/ES1Xy47fcga8lFyAr+x2KbtQ=
-27,23,4IkMFq5tj8MkpSU6GYqut9B1pGM=,lDtRc3E6eM2Ikj0QQgaGmshuRUE=
-29,27,4IkMFq5tj8MkpSU6GYqut9B1pGM=,Czo6CS9/Xjg3gNJSNGeEOLSxonQ=
-26,25,4IkMFq5tj8MkpSU6GYqut9B1pGM=,twQ9EfaI+sRX+V0RCpXscFk1uAU=
-25,25,4IkMFq5tj8MkpSU6GYqut9B1pGM=,twQ9EfaI+sRX+V0RCpXscFk1uAU=
-26,24,4IkMFq5tj8MkpSU6GYqut9B1pGM=,twQ9EfaI+sRX+V0RCpXscFk1uAU=
-26,26,4IkMFq5tj8MkpSU6GYqut9B1pGM=,twQ9EfaI+sRX+V0RCpXscFk1uAU=
-24,25,4IkMFq5tj8MkpSU6GYqut9B1pGM=,twQ9EfaI+sRX+V0RCpXscFk1uAU=
-28,26,4IkMFq5tj8MkpSU6GYqut9B1pGM=,twQ9EfaI+sRX+V0RCpXscFk1uAU=
-26,23,4IkMFq5tj8MkpSU6GYqut9B1pGM=,lDtRc3E6eM2Ikj0QQgaGmshuRUE=
-29,25,4IkMFq5tj8MkpSU6GYqut9B1pGM=,Czo6CS9/Xjg3gNJSNGeEOLSxonQ=
-28,25,4IkMFq5tj8MkpSU6GYqut9B1pGM=,twQ9EfaI+sRX+V0RCpXscFk1uAU=
-27,25,4IkMFq5tj8MkpSU6GYqut9B1pGM=,twQ9EfaI+sRX+V0RCpXscFk1uAU=
-24,29,4IkMFq5tj8MkpSU6GYqut9B1pGM=,m/9xt+VBj/iK3rOIKzX1v0H8tg0=
-23,29,4IkMFq5tj8MkpSU6GYqut9B1pGM=,m/9xt+VBj/iK3rOIKzX1v0H8tg0=
-22,28,4IkMFq5tj8MkpSU6GYqut9B1pGM=,m/9xt+VBj/iK3rOIKzX1v0H8tg0=
-23,28,4IkMFq5tj8MkpSU6GYqut9B1pGM=,m/9xt+VBj/iK3rOIKzX1v0H8tg0=
-22,27,4IkMFq5tj8MkpSU6GYqut9B1pGM=,twQ9EfaI+sRX+V0RCpXscFk1uAU=
-24,28,4IkMFq5tj8MkpSU6GYqut9B1pGM=,m/9xt+VBj/iK3rOIKzX1v0H8tg0=
-24,30,4IkMFq5tj8MkpSU6GYqut9B1pGM=,m/9xt+VBj/iK3rOIKzX1v0H8tg0=
-27,24,4IkMFq5tj8MkpSU6GYqut9B1pGM=,twQ9EfaI+sRX+V0RCpXscFk1uAU=
-25,28,4IkMFq5tj8MkpSU6GYqut9B1pGM=,Ft/ES1Xy47fcga8lFyAr+x2KbtQ=
-22,30,4IkMFq5tj8MkpSU6GYqut9B1pGM=,m/9xt+VBj/iK3rOIKzX1v0H8tg0=
-25,30,4IkMFq5tj8MkpSU6GYqut9B1pGM=,Ft/ES1Xy47fcga8lFyAr+x2KbtQ=
-24,27,4IkMFq5tj8MkpSU6GYqut9B1pGM=,twQ9EfaI+sRX+V0RCpXscFk1uAU=
-23,30,4IkMFq5tj8MkpSU6GYqut9B1pGM=,m/9xt+VBj/iK3rOIKzX1v0H8tg0=
-23,27,4IkMFq5tj8MkpSU6GYqut9B1pGM=,twQ9EfaI+sRX+V0RCpXscFk1uAU=
-25,29,4IkMFq5tj8MkpSU6GYqut9B1pGM=,Ft/ES1Xy47fcga8lFyAr+x2KbtQ=
-25,27,4IkMFq5tj8MkpSU6GYqut9B1pGM=,twQ9EfaI+sRX+V0RCpXscFk1uAU=
-22,29,4IkMFq5tj8MkpSU6GYqut9B1pGM=,m/9xt+VBj/iK3rOIKzX1v0H8tg0=
-18,29,4IkMFq5tj8MkpSU6GYqut9B1pGM=,X5zVOaSx4k9wdnz6vOTphb6jN8A=
-18,28,4IkMFq5tj8MkpSU6GYqut9B1pGM=,X5zVOaSx4k9wdnz6vOTphb6jN8A=
-20,28,4IkMFq5tj8MkpSU6GYqut9B1pGM=,X5zVOaSx4k9wdnz6vOTphb6jN8A=
-20,27,4IkMFq5tj8MkpSU6GYqut9B1pGM=,IDkqQ6WKihTd6Mmcynm2KMcIV0I=
-19,30,4IkMFq5tj8MkpSU6GYqut9B1pGM=,X5zVOaSx4k9wdnz6vOTphb6jN8A=
-19,28,4IkMFq5tj8MkpSU6GYqut9B1pGM=,X5zVOaSx4k9wdnz6vOTphb6jN8A=
-19,27,4IkMFq5tj8MkpSU6GYqut9B1pGM=,IDkqQ6WKihTd6Mmcynm2KMcIV0I=
-20,30,4IkMFq5tj8MkpSU6GYqut9B1pGM=,X5zVOaSx4k9wdnz6vOTphb6jN8A=
-18,27,4IkMFq5tj8MkpSU6GYqut9B1pGM=,IDkqQ6WKihTd6Mmcynm2KMcIV0I=
-18,30,4IkMFq5tj8MkpSU6GYqut9B1pGM=,X5zVOaSx4k9wdnz6vOTphb6jN8A=
-21,27,4IkMFq5tj8MkpSU6GYqut9B1pGM=,twQ9EfaI+sRX+V0RCpXscFk1uAU=
-21,28,4IkMFq5tj8MkpSU6GYqut9B1pGM=,m/9xt+VBj/iK3rOIKzX1v0H8tg0=
-21,29,4IkMFq5tj8MkpSU6GYqut9B1pGM=,m/9xt+VBj/iK3rOIKzX1v0H8tg0=
-20,29,4IkMFq5tj8MkpSU6GYqut9B1pGM=,X5zVOaSx4k9wdnz6vOTphb6jN8A=
-19,29,4IkMFq5tj8MkpSU6GYqut9B1pGM=,X5zVOaSx4k9wdnz6vOTphb6jN8A=
-21,30,4IkMFq5tj8MkpSU6GYqut9B1pGM=,m/9xt+VBj/iK3rOIKzX1v0H8tg0=
-29,22,4IkMFq5tj8MkpSU6GYqut9B1pGM=,zoYRqZ4Mj1DSaVVkxaWMZJI5Fv0=
-28,23,4IkMFq5tj8MkpSU6GYqut9B1pGM=,lDtRc3E6eM2Ikj0QQgaGmshuRUE=
-29,24,4IkMFq5tj8MkpSU6GYqut9B1pGM=,Czo6CS9/Xjg3gNJSNGeEOLSxonQ=
-29,21,4IkMFq5tj8MkpSU6GYqut9B1pGM=,zoYRqZ4Mj1DSaVVkxaWMZJI5Fv0=
-28,24,4IkMFq5tj8MkpSU6GYqut9B1pGM=,twQ9EfaI+sRX+V0RCpXscFk1uAU=
-28,21,4IkMFq5tj8MkpSU6GYqut9B1pGM=,lDtRc3E6eM2Ikj0QQgaGmshuRUE=
-29,23,4IkMFq5tj8MkpSU6GYqut9B1pGM=,zoYRqZ4Mj1DSaVVkxaWMZJI5Fv0=
-30,22,4IkMFq5tj8MkpSU6GYqut9B1pGM=,zoYRqZ4Mj1DSaVVkxaWMZJI5Fv0=
-30,21,4IkMFq5tj8MkpSU6GYqut9B1pGM=,zoYRqZ4Mj1DSaVVkxaWMZJI5Fv0=
-28,22,4IkMFq5tj8MkpSU6GYqut9B1pGM=,lDtRc3E6eM2Ikj0QQgaGmshuRUE=
-30,23,4IkMFq5tj8MkpSU6GYqut9B1pGM=,zoYRqZ4Mj1DSaVVkxaWMZJI5Fv0=
-30,24,4IkMFq5tj8MkpSU6GYqut9B1pGM=,Czo6CS9/Xjg3gNJSNGeEOLSxonQ=
-27,16,4IkMFq5tj8MkpSU6GYqut9B1pGM=,5dEMIE09kSZhlTtEZiepb67GcSU=
-26,16,4IkMFq5tj8MkpSU6GYqut9B1pGM=,5dEMIE09kSZhlTtEZiepb67GcSU=
-24,16,4IkMFq5tj8MkpSU6GYqut9B1pGM=,UCYCLBnxxp15QypTrRVWZ4VTpH8=
-23,16,4IkMFq5tj8MkpSU6GYqut9B1pGM=,UCYCLBnxxp15QypTrRVWZ4VTpH8=
-22,16,4IkMFq5tj8MkpSU6GYqut9B1pGM=,UCYCLBnxxp15QypTrRVWZ4VTpH8=
-21,16,4IkMFq5tj8MkpSU6GYqut9B1pGM=,UCYCLBnxxp15QypTrRVWZ4VTpH8=
-20,16,4IkMFq5tj8MkpSU6GYqut9B1pGM=,MWZYGEBMKjjaTEueVW84kpevHTQ=
-18,16,4IkMFq5tj8MkpSU6GYqut9B1pGM=,MWZYGEBMKjjaTEueVW84kpevHTQ=
-19,16,4IkMFq5tj8MkpSU6GYqut9B1pGM=,MWZYGEBMKjjaTEueVW84kpevHTQ=
-17,17,4IkMFq5tj8MkpSU6GYqut9B1pGM=,MWZYGEBMKjjaTEueVW84kpevHTQ=
-17,18,4IkMFq5tj8MkpSU6GYqut9B1pGM=,MWZYGEBMKjjaTEueVW84kpevHTQ=
-17,22,4IkMFq5tj8MkpSU6GYqut9B1pGM=,0GI/cICcuLNmYuNwaGV8tEKSRv4=
-17,20,4IkMFq5tj8MkpSU6GYqut9B1pGM=,0GI/cICcuLNmYuNwaGV8tEKSRv4=
-17,21,4IkMFq5tj8MkpSU6GYqut9B1pGM=,0GI/cICcuLNmYuNwaGV8tEKSRv4=
-25,16,4IkMFq5tj8MkpSU6GYqut9B1pGM=,5dEMIE09kSZhlTtEZiepb67GcSU=
-17,19,4IkMFq5tj8MkpSU6GYqut9B1pGM=,MWZYGEBMKjjaTEueVW84kpevHTQ=
-17,26,4IkMFq5tj8MkpSU6GYqut9B1pGM=,IDkqQ6WKihTd6Mmcynm2KMcIV0I=
-17,24,4IkMFq5tj8MkpSU6GYqut9B1pGM=,IDkqQ6WKihTd6Mmcynm2KMcIV0I=
-17,25,4IkMFq5tj8MkpSU6GYqut9B1pGM=,IDkqQ6WKihTd6Mmcynm2KMcIV0I=
-17,23,4IkMFq5tj8MkpSU6GYqut9B1pGM=,0GI/cICcuLNmYuNwaGV8tEKSRv4=
-17,16,4IkMFq5tj8MkpSU6GYqut9B1pGM=,MWZYGEBMKjjaTEueVW84kpevHTQ=
-17,29,4IkMFq5tj8MkpSU6GYqut9B1pGM=,X5zVOaSx4k9wdnz6vOTphb6jN8A=
-17,30,4IkMFq5tj8MkpSU6GYqut9B1pGM=,X5zVOaSx4k9wdnz6vOTphb6jN8A=
-17,27,4IkMFq5tj8MkpSU6GYqut9B1pGM=,IDkqQ6WKihTd6Mmcynm2KMcIV0I=
-17,28,4IkMFq5tj8MkpSU6GYqut9B1pGM=,X5zVOaSx4k9wdnz6vOTphb6jN8A=
-29,16,4IkMFq5tj8MkpSU6GYqut9B1pGM=,HWQ1fSRNFzsSxpeiciVoFqOqCD4=
-28,19,4IkMFq5tj8MkpSU6GYqut9B1pGM=,5dEMIE09kSZhlTtEZiepb67GcSU=
-28,18,4IkMFq5tj8MkpSU6GYqut9B1pGM=,5dEMIE09kSZhlTtEZiepb67GcSU=
-28,20,4IkMFq5tj8MkpSU6GYqut9B1pGM=,lDtRc3E6eM2Ikj0QQgaGmshuRUE=
-28,16,4IkMFq5tj8MkpSU6GYqut9B1pGM=,5dEMIE09kSZhlTtEZiepb67GcSU=
-29,19,4IkMFq5tj8MkpSU6GYqut9B1pGM=,HWQ1fSRNFzsSxpeiciVoFqOqCD4=
-29,18,4IkMFq5tj8MkpSU6GYqut9B1pGM=,HWQ1fSRNFzsSxpeiciVoFqOqCD4=
-28,17,4IkMFq5tj8MkpSU6GYqut9B1pGM=,5dEMIE09kSZhlTtEZiepb67GcSU=
-30,19,4IkMFq5tj8MkpSU6GYqut9B1pGM=,HWQ1fSRNFzsSxpeiciVoFqOqCD4=
-30,16,4IkMFq5tj8MkpSU6GYqut9B1pGM=,HWQ1fSRNFzsSxpeiciVoFqOqCD4=
-29,17,4IkMFq5tj8MkpSU6GYqut9B1pGM=,HWQ1fSRNFzsSxpeiciVoFqOqCD4=
-29,20,4IkMFq5tj8MkpSU6GYqut9B1pGM=,zoYRqZ4Mj1DSaVVkxaWMZJI5Fv0=
-30,18,4IkMFq5tj8MkpSU6GYqut9B1pGM=,HWQ1fSRNFzsSxpeiciVoFqOqCD4=
-30,17,4IkMFq5tj8MkpSU6GYqut9B1pGM=,HWQ1fSRNFzsSxpeiciVoFqOqCD4=
-30,20,4IkMFq5tj8MkpSU6GYqut9B1pGM=,zoYRqZ4Mj1DSaVVkxaWMZJI5Fv0=
-7,22,XPskZtBZgo9Yq4aIGqJxt1M0XCs=,MWZYGEBMKjjaTEueVW84kpevHTQ=
-6,21,XPskZtBZgo9Yq4aIGqJxt1M0XCs=,MWZYGEBMKjjaTEueVW84kpevHTQ=
-6,22,XPskZtBZgo9Yq4aIGqJxt1M0XCs=,MWZYGEBMKjjaTEueVW84kpevHTQ=
-7,21,z+x3gtsyRF2vmcl6kSR/QgQI0ns=,MWZYGEBMKjjaTEueVW84kpevHTQ=
-2,25,z+x3gtsyRF2vmcl6kSR/QgQI0ns=,01pf7GCj6xfaopavzKaNo6rCw1E=
-3,26,z+x3gtsyRF2vmcl6kSR/QgQI0ns=,01pf7GCj6xfaopavzKaNo6rCw1E=
-2,26,z+x3gtsyRF2vmcl6kSR/QgQI0ns=,01pf7GCj6xfaopavzKaNo6rCw1E=
-3,25,z+x3gtsyRF2vmcl6kSR/QgQI0ns=,01pf7GCj6xfaopavzKaNo6rCw1E=
-6,23,z+x3gtsyRF2vmcl6kSR/QgQI0ns=,MWZYGEBMKjjaTEueVW84kpevHTQ=
-6,26,z+x3gtsyRF2vmcl6kSR/QgQI0ns=,I52ctb/+Rfqv3Q9NJptbPET7ANU=
-4,25,z+x3gtsyRF2vmcl6kSR/QgQI0ns=,01pf7GCj6xfaopavzKaNo6rCw1E=
-4,26,z+x3gtsyRF2vmcl6kSR/QgQI0ns=,01pf7GCj6xfaopavzKaNo6rCw1E=
-5,26,z+x3gtsyRF2vmcl6kSR/QgQI0ns=,I52ctb/+Rfqv3Q9NJptbPET7ANU=
-6,25,z+x3gtsyRF2vmcl6kSR/QgQI0ns=,I52ctb/+Rfqv3Q9NJptbPET7ANU=
-7,26,z+x3gtsyRF2vmcl6kSR/QgQI0ns=,I52ctb/+Rfqv3Q9NJptbPET7ANU=
-7,24,z+x3gtsyRF2vmcl6kSR/QgQI0ns=,I52ctb/+Rfqv3Q9NJptbPET7ANU=
-7,23,z+x3gtsyRF2vmcl6kSR/QgQI0ns=,MWZYGEBMKjjaTEueVW84kpevHTQ=
-7,25,z+x3gtsyRF2vmcl6kSR/QgQI0ns=,I52ctb/+Rfqv3Q9NJptbPET7ANU=
-6,24,z+x3gtsyRF2vmcl6kSR/QgQI0ns=,I52ctb/+Rfqv3Q9NJptbPET7ANU=
-5,25,z+x3gtsyRF2vmcl6kSR/QgQI0ns=,I52ctb/+Rfqv3Q9NJptbPET7ANU=
-2,24,z+x3gtsyRF2vmcl6kSR/QgQI0ns=,01pf7GCj6xfaopavzKaNo6rCw1E=
-5,23,z+x3gtsyRF2vmcl6kSR/QgQI0ns=,MWZYGEBMKjjaTEueVW84kpevHTQ=
-4,22,z+x3gtsyRF2vmcl6kSR/QgQI0ns=,01pf7GCj6xfaopavzKaNo6rCw1E=
-5,22,z+x3gtsyRF2vmcl6kSR/QgQI0ns=,MWZYGEBMKjjaTEueVW84kpevHTQ=
-5,21,z+x3gtsyRF2vmcl6kSR/QgQI0ns=,MWZYGEBMKjjaTEueVW84kpevHTQ=
-4,24,z+x3gtsyRF2vmcl6kSR/QgQI0ns=,01pf7GCj6xfaopavzKaNo6rCw1E=
-3,22,z+x3gtsyRF2vmcl6kSR/QgQI0ns=,01pf7GCj6xfaopavzKaNo6rCw1E=
-2,22,z+x3gtsyRF2vmcl6kSR/QgQI0ns=,01pf7GCj6xfaopavzKaNo6rCw1E=
-4,21,z+x3gtsyRF2vmcl6kSR/QgQI0ns=,01pf7GCj6xfaopavzKaNo6rCw1E=
-2,23,z+x3gtsyRF2vmcl6kSR/QgQI0ns=,01pf7GCj6xfaopavzKaNo6rCw1E=
-3,23,z+x3gtsyRF2vmcl6kSR/QgQI0ns=,01pf7GCj6xfaopavzKaNo6rCw1E=
-2,21,z+x3gtsyRF2vmcl6kSR/QgQI0ns=,01pf7GCj6xfaopavzKaNo6rCw1E=
-3,21,z+x3gtsyRF2vmcl6kSR/QgQI0ns=,01pf7GCj6xfaopavzKaNo6rCw1E=
-5,24,z+x3gtsyRF2vmcl6kSR/QgQI0ns=,I52ctb/+Rfqv3Q9NJptbPET7ANU=
-3,24,z+x3gtsyRF2vmcl6kSR/QgQI0ns=,01pf7GCj6xfaopavzKaNo6rCw1E=
-4,23,z+x3gtsyRF2vmcl6kSR/QgQI0ns=,01pf7GCj6xfaopavzKaNo6rCw1E=
-6,19,z+x3gtsyRF2vmcl6kSR/QgQI0ns=,ZrW5MXzlg2Upz3d+MWUqrSXJNbY=
-6,17,z+x3gtsyRF2vmcl6kSR/QgQI0ns=,ZrW5MXzlg2Upz3d+MWUqrSXJNbY=
-7,20,z+x3gtsyRF2vmcl6kSR/QgQI0ns=,MWZYGEBMKjjaTEueVW84kpevHTQ=
-7,19,z+x3gtsyRF2vmcl6kSR/QgQI0ns=,ZrW5MXzlg2Upz3d+MWUqrSXJNbY=
-6,18,z+x3gtsyRF2vmcl6kSR/QgQI0ns=,ZrW5MXzlg2Upz3d+MWUqrSXJNbY=
-7,18,z+x3gtsyRF2vmcl6kSR/QgQI0ns=,ZrW5MXzlg2Upz3d+MWUqrSXJNbY=
-7,17,z+x3gtsyRF2vmcl6kSR/QgQI0ns=,ZrW5MXzlg2Upz3d+MWUqrSXJNbY=
-6,20,z+x3gtsyRF2vmcl6kSR/QgQI0ns=,MWZYGEBMKjjaTEueVW84kpevHTQ=
-2,19,z+x3gtsyRF2vmcl6kSR/QgQI0ns=,Gkqr4u3UgQ0p1O3NTK1XJtjv/fU=
-2,20,z+x3gtsyRF2vmcl6kSR/QgQI0ns=,01pf7GCj6xfaopavzKaNo6rCw1E=
-2,18,z+x3gtsyRF2vmcl6kSR/QgQI0ns=,Gkqr4u3UgQ0p1O3NTK1XJtjv/fU=
-5,17,z+x3gtsyRF2vmcl6kSR/QgQI0ns=,ZrW5MXzlg2Upz3d+MWUqrSXJNbY=
-3,18,z+x3gtsyRF2vmcl6kSR/QgQI0ns=,Gkqr4u3UgQ0p1O3NTK1XJtjv/fU=
-5,18,z+x3gtsyRF2vmcl6kSR/QgQI0ns=,ZrW5MXzlg2Upz3d+MWUqrSXJNbY=
-4,18,z+x3gtsyRF2vmcl6kSR/QgQI0ns=,Gkqr4u3UgQ0p1O3NTK1XJtjv/fU=
-2,17,z+x3gtsyRF2vmcl6kSR/QgQI0ns=,Gkqr4u3UgQ0p1O3NTK1XJtjv/fU=
-4,19,z+x3gtsyRF2vmcl6kSR/QgQI0ns=,Gkqr4u3UgQ0p1O3NTK1XJtjv/fU=
-8,17,z+x3gtsyRF2vmcl6kSR/QgQI0ns=,ZrW5MXzlg2Upz3d+MWUqrSXJNbY=
-9,18,z+x3gtsyRF2vmcl6kSR/QgQI0ns=,XRkd6GOR9qL7aMHdSIF57vFw4KI=
-3,20,z+x3gtsyRF2vmcl6kSR/QgQI0ns=,01pf7GCj6xfaopavzKaNo6rCw1E=
-11,17,z+x3gtsyRF2vmcl6kSR/QgQI0ns=,XRkd6GOR9qL7aMHdSIF57vFw4KI=
-3,19,z+x3gtsyRF2vmcl6kSR/QgQI0ns=,Gkqr4u3UgQ0p1O3NTK1XJtjv/fU=
-10,18,z+x3gtsyRF2vmcl6kSR/QgQI0ns=,XRkd6GOR9qL7aMHdSIF57vFw4KI=
-9,17,z+x3gtsyRF2vmcl6kSR/QgQI0ns=,XRkd6GOR9qL7aMHdSIF57vFw4KI=
-4,17,z+x3gtsyRF2vmcl6kSR/QgQI0ns=,Gkqr4u3UgQ0p1O3NTK1XJtjv/fU=
-11,18,z+x3gtsyRF2vmcl6kSR/QgQI0ns=,XRkd6GOR9qL7aMHdSIF57vFw4KI=
-4,20,z+x3gtsyRF2vmcl6kSR/QgQI0ns=,01pf7GCj6xfaopavzKaNo6rCw1E=
-5,20,z+x3gtsyRF2vmcl6kSR/QgQI0ns=,MWZYGEBMKjjaTEueVW84kpevHTQ=
-3,17,z+x3gtsyRF2vmcl6kSR/QgQI0ns=,Gkqr4u3UgQ0p1O3NTK1XJtjv/fU=
-5,19,z+x3gtsyRF2vmcl6kSR/QgQI0ns=,ZrW5MXzlg2Upz3d+MWUqrSXJNbY=
-10,17,z+x3gtsyRF2vmcl6kSR/QgQI0ns=,XRkd6GOR9qL7aMHdSIF57vFw4KI=
-8,18,z+x3gtsyRF2vmcl6kSR/QgQI0ns=,ZrW5MXzlg2Upz3d+MWUqrSXJNbY=
-8,21,z+x3gtsyRF2vmcl6kSR/QgQI0ns=,MWZYGEBMKjjaTEueVW84kpevHTQ=
-10,22,z+x3gtsyRF2vmcl6kSR/QgQI0ns=,HgiRNBPJJxB0egLkA8wdwNMgIGY=
-9,22,z+x3gtsyRF2vmcl6kSR/QgQI0ns=,HgiRNBPJJxB0egLkA8wdwNMgIGY=
-9,21,z+x3gtsyRF2vmcl6kSR/QgQI0ns=,HgiRNBPJJxB0egLkA8wdwNMgIGY=
-11,19,z+x3gtsyRF2vmcl6kSR/QgQI0ns=,XRkd6GOR9qL7aMHdSIF57vFw4KI=
-11,21,z+x3gtsyRF2vmcl6kSR/QgQI0ns=,HgiRNBPJJxB0egLkA8wdwNMgIGY=
-9,20,z+x3gtsyRF2vmcl6kSR/QgQI0ns=,HgiRNBPJJxB0egLkA8wdwNMgIGY=
-8,22,z+x3gtsyRF2vmcl6kSR/QgQI0ns=,MWZYGEBMKjjaTEueVW84kpevHTQ=
-11,20,z+x3gtsyRF2vmcl6kSR/QgQI0ns=,HgiRNBPJJxB0egLkA8wdwNMgIGY=
-10,19,z+x3gtsyRF2vmcl6kSR/QgQI0ns=,XRkd6GOR9qL7aMHdSIF57vFw4KI=
-11,22,z+x3gtsyRF2vmcl6kSR/QgQI0ns=,HgiRNBPJJxB0egLkA8wdwNMgIGY=
-10,21,z+x3gtsyRF2vmcl6kSR/QgQI0ns=,HgiRNBPJJxB0egLkA8wdwNMgIGY=
-8,20,z+x3gtsyRF2vmcl6kSR/QgQI0ns=,MWZYGEBMKjjaTEueVW84kpevHTQ=
-9,19,z+x3gtsyRF2vmcl6kSR/QgQI0ns=,XRkd6GOR9qL7aMHdSIF57vFw4KI=
-10,20,z+x3gtsyRF2vmcl6kSR/QgQI0ns=,HgiRNBPJJxB0egLkA8wdwNMgIGY=
-8,19,z+x3gtsyRF2vmcl6kSR/QgQI0ns=,ZrW5MXzlg2Upz3d+MWUqrSXJNbY=
-8,24,z+x3gtsyRF2vmcl6kSR/QgQI0ns=,I52ctb/+Rfqv3Q9NJptbPET7ANU=
-8,25,z+x3gtsyRF2vmcl6kSR/QgQI0ns=,I52ctb/+Rfqv3Q9NJptbPET7ANU=
-9,23,z+x3gtsyRF2vmcl6kSR/QgQI0ns=,HgiRNBPJJxB0egLkA8wdwNMgIGY=
-10,23,z+x3gtsyRF2vmcl6kSR/QgQI0ns=,HgiRNBPJJxB0egLkA8wdwNMgIGY=
-9,24,z+x3gtsyRF2vmcl6kSR/QgQI0ns=,3Fd11IXbBHMR36V+7PYkgcViszM=
-11,24,z+x3gtsyRF2vmcl6kSR/QgQI0ns=,3Fd11IXbBHMR36V+7PYkgcViszM=
-9,26,z+x3gtsyRF2vmcl6kSR/QgQI0ns=,3Fd11IXbBHMR36V+7PYkgcViszM=
-10,24,z+x3gtsyRF2vmcl6kSR/QgQI0ns=,3Fd11IXbBHMR36V+7PYkgcViszM=
-11,26,z+x3gtsyRF2vmcl6kSR/QgQI0ns=,3Fd11IXbBHMR36V+7PYkgcViszM=
-9,25,z+x3gtsyRF2vmcl6kSR/QgQI0ns=,3Fd11IXbBHMR36V+7PYkgcViszM=
-11,25,z+x3gtsyRF2vmcl6kSR/QgQI0ns=,3Fd11IXbBHMR36V+7PYkgcViszM=
-8,23,z+x3gtsyRF2vmcl6kSR/QgQI0ns=,MWZYGEBMKjjaTEueVW84kpevHTQ=
-10,25,z+x3gtsyRF2vmcl6kSR/QgQI0ns=,3Fd11IXbBHMR36V+7PYkgcViszM=
-11,23,z+x3gtsyRF2vmcl6kSR/QgQI0ns=,HgiRNBPJJxB0egLkA8wdwNMgIGY=
-10,26,z+x3gtsyRF2vmcl6kSR/QgQI0ns=,3Fd11IXbBHMR36V+7PYkgcViszM=
-8,26,z+x3gtsyRF2vmcl6kSR/QgQI0ns=,I52ctb/+Rfqv3Q9NJptbPET7ANU=
-11,28,uMkjgjqAoiYXuQrEx6MIX7F5CAg=,4eduV9ujjhUTgkr12lL5fXHV76E=
-11,27,uMkjgjqAoiYXuQrEx6MIX7F5CAg=,3Fd11IXbBHMR36V+7PYkgcViszM=
-10,30,uMkjgjqAoiYXuQrEx6MIX7F5CAg=,4eduV9ujjhUTgkr12lL5fXHV76E=
-10,28,uMkjgjqAoiYXuQrEx6MIX7F5CAg=,4eduV9ujjhUTgkr12lL5fXHV76E=
-11,29,uMkjgjqAoiYXuQrEx6MIX7F5CAg=,4eduV9ujjhUTgkr12lL5fXHV76E=
-10,29,uMkjgjqAoiYXuQrEx6MIX7F5CAg=,4eduV9ujjhUTgkr12lL5fXHV76E=
-11,30,uMkjgjqAoiYXuQrEx6MIX7F5CAg=,4eduV9ujjhUTgkr12lL5fXHV76E=
-10,27,uMkjgjqAoiYXuQrEx6MIX7F5CAg=,3Fd11IXbBHMR36V+7PYkgcViszM=
-9,27,uMkjgjqAoiYXuQrEx6MIX7F5CAg=,3Fd11IXbBHMR36V+7PYkgcViszM=
-8,29,uMkjgjqAoiYXuQrEx6MIX7F5CAg=,NFD6E3HMM3jgpaZXqc//uByXtCo=
-6,29,uMkjgjqAoiYXuQrEx6MIX7F5CAg=,NFD6E3HMM3jgpaZXqc//uByXtCo=
-9,30,uMkjgjqAoiYXuQrEx6MIX7F5CAg=,4eduV9ujjhUTgkr12lL5fXHV76E=
-7,28,uMkjgjqAoiYXuQrEx6MIX7F5CAg=,NFD6E3HMM3jgpaZXqc//uByXtCo=
-9,29,uMkjgjqAoiYXuQrEx6MIX7F5CAg=,4eduV9ujjhUTgkr12lL5fXHV76E=
-7,27,uMkjgjqAoiYXuQrEx6MIX7F5CAg=,I52ctb/+Rfqv3Q9NJptbPET7ANU=
-6,28,uMkjgjqAoiYXuQrEx6MIX7F5CAg=,NFD6E3HMM3jgpaZXqc//uByXtCo=
-7,30,uMkjgjqAoiYXuQrEx6MIX7F5CAg=,NFD6E3HMM3jgpaZXqc//uByXtCo=
-9,28,uMkjgjqAoiYXuQrEx6MIX7F5CAg=,4eduV9ujjhUTgkr12lL5fXHV76E=
-6,30,uMkjgjqAoiYXuQrEx6MIX7F5CAg=,NFD6E3HMM3jgpaZXqc//uByXtCo=
-8,30,uMkjgjqAoiYXuQrEx6MIX7F5CAg=,NFD6E3HMM3jgpaZXqc//uByXtCo=
-6,27,uMkjgjqAoiYXuQrEx6MIX7F5CAg=,I52ctb/+Rfqv3Q9NJptbPET7ANU=
-7,29,uMkjgjqAoiYXuQrEx6MIX7F5CAg=,NFD6E3HMM3jgpaZXqc//uByXtCo=
-8,27,uMkjgjqAoiYXuQrEx6MIX7F5CAg=,I52ctb/+Rfqv3Q9NJptbPET7ANU=
-8,28,uMkjgjqAoiYXuQrEx6MIX7F5CAg=,NFD6E3HMM3jgpaZXqc//uByXtCo=
-14,29,uMkjgjqAoiYXuQrEx6MIX7F5CAg=,6IpKy3priCFUrRSeO+ZwA92LG8k=
-15,29,uMkjgjqAoiYXuQrEx6MIX7F5CAg=,6IpKy3priCFUrRSeO+ZwA92LG8k=
-13,29,uMkjgjqAoiYXuQrEx6MIX7F5CAg=,6IpKy3priCFUrRSeO+ZwA92LG8k=
-12,29,uMkjgjqAoiYXuQrEx6MIX7F5CAg=,4eduV9ujjhUTgkr12lL5fXHV76E=
-13,30,uMkjgjqAoiYXuQrEx6MIX7F5CAg=,6IpKy3priCFUrRSeO+ZwA92LG8k=
-15,30,uMkjgjqAoiYXuQrEx6MIX7F5CAg=,6IpKy3priCFUrRSeO+ZwA92LG8k=
-12,30,uMkjgjqAoiYXuQrEx6MIX7F5CAg=,4eduV9ujjhUTgkr12lL5fXHV76E=
-4,27,uMkjgjqAoiYXuQrEx6MIX7F5CAg=,01pf7GCj6xfaopavzKaNo6rCw1E=
-3,27,uMkjgjqAoiYXuQrEx6MIX7F5CAg=,01pf7GCj6xfaopavzKaNo6rCw1E=
-3,28,uMkjgjqAoiYXuQrEx6MIX7F5CAg=,rsqgdg4MH09/GkP0/rl5FWUDZBY=
-5,30,uMkjgjqAoiYXuQrEx6MIX7F5CAg=,NFD6E3HMM3jgpaZXqc//uByXtCo=
-2,28,uMkjgjqAoiYXuQrEx6MIX7F5CAg=,rsqgdg4MH09/GkP0/rl5FWUDZBY=
-4,29,uMkjgjqAoiYXuQrEx6MIX7F5CAg=,rsqgdg4MH09/GkP0/rl5FWUDZBY=
-5,28,uMkjgjqAoiYXuQrEx6MIX7F5CAg=,NFD6E3HMM3jgpaZXqc//uByXtCo=
-4,28,uMkjgjqAoiYXuQrEx6MIX7F5CAg=,rsqgdg4MH09/GkP0/rl5FWUDZBY=
-2,30,uMkjgjqAoiYXuQrEx6MIX7F5CAg=,rsqgdg4MH09/GkP0/rl5FWUDZBY=
-5,27,uMkjgjqAoiYXuQrEx6MIX7F5CAg=,I52ctb/+Rfqv3Q9NJptbPET7ANU=
-14,30,uMkjgjqAoiYXuQrEx6MIX7F5CAg=,6IpKy3priCFUrRSeO+ZwA92LG8k=
-3,29,uMkjgjqAoiYXuQrEx6MIX7F5CAg=,rsqgdg4MH09/GkP0/rl5FWUDZBY=
-5,29,uMkjgjqAoiYXuQrEx6MIX7F5CAg=,NFD6E3HMM3jgpaZXqc//uByXtCo=
-2,27,uMkjgjqAoiYXuQrEx6MIX7F5CAg=,01pf7GCj6xfaopavzKaNo6rCw1E=
-4,30,uMkjgjqAoiYXuQrEx6MIX7F5CAg=,rsqgdg4MH09/GkP0/rl5FWUDZBY=
-3,30,uMkjgjqAoiYXuQrEx6MIX7F5CAg=,rsqgdg4MH09/GkP0/rl5FWUDZBY=
-2,29,uMkjgjqAoiYXuQrEx6MIX7F5CAg=,rsqgdg4MH09/GkP0/rl5FWUDZBY=
-13,26,uMkjgjqAoiYXuQrEx6MIX7F5CAg=,X5zVOaSx4k9wdnz6vOTphb6jN8A=
-14,26,uMkjgjqAoiYXuQrEx6MIX7F5CAg=,X5zVOaSx4k9wdnz6vOTphb6jN8A=
-14,28,uMkjgjqAoiYXuQrEx6MIX7F5CAg=,6IpKy3priCFUrRSeO+ZwA92LG8k=
-15,28,uMkjgjqAoiYXuQrEx6MIX7F5CAg=,6IpKy3priCFUrRSeO+ZwA92LG8k=
-12,26,uMkjgjqAoiYXuQrEx6MIX7F5CAg=,3Fd11IXbBHMR36V+7PYkgcViszM=
-12,27,uMkjgjqAoiYXuQrEx6MIX7F5CAg=,3Fd11IXbBHMR36V+7PYkgcViszM=
-15,27,uMkjgjqAoiYXuQrEx6MIX7F5CAg=,X5zVOaSx4k9wdnz6vOTphb6jN8A=
-15,26,uMkjgjqAoiYXuQrEx6MIX7F5CAg=,X5zVOaSx4k9wdnz6vOTphb6jN8A=
-15,25,uMkjgjqAoiYXuQrEx6MIX7F5CAg=,X5zVOaSx4k9wdnz6vOTphb6jN8A=
-13,28,uMkjgjqAoiYXuQrEx6MIX7F5CAg=,6IpKy3priCFUrRSeO+ZwA92LG8k=
-13,25,uMkjgjqAoiYXuQrEx6MIX7F5CAg=,X5zVOaSx4k9wdnz6vOTphb6jN8A=
-13,27,uMkjgjqAoiYXuQrEx6MIX7F5CAg=,X5zVOaSx4k9wdnz6vOTphb6jN8A=
-14,27,uMkjgjqAoiYXuQrEx6MIX7F5CAg=,X5zVOaSx4k9wdnz6vOTphb6jN8A=
-14,25,uMkjgjqAoiYXuQrEx6MIX7F5CAg=,X5zVOaSx4k9wdnz6vOTphb6jN8A=
-12,25,uMkjgjqAoiYXuQrEx6MIX7F5CAg=,3Fd11IXbBHMR36V+7PYkgcViszM=
-12,24,uMkjgjqAoiYXuQrEx6MIX7F5CAg=,3Fd11IXbBHMR36V+7PYkgcViszM=
-12,22,uMkjgjqAoiYXuQrEx6MIX7F5CAg=,HgiRNBPJJxB0egLkA8wdwNMgIGY=
-15,22,uMkjgjqAoiYXuQrEx6MIX7F5CAg=,HZ6uE3p5uqp4btLWAc7cFSSi4kQ=
-14,22,uMkjgjqAoiYXuQrEx6MIX7F5CAg=,HZ6uE3p5uqp4btLWAc7cFSSi4kQ=
-12,23,uMkjgjqAoiYXuQrEx6MIX7F5CAg=,HgiRNBPJJxB0egLkA8wdwNMgIGY=
-13,22,uMkjgjqAoiYXuQrEx6MIX7F5CAg=,HZ6uE3p5uqp4btLWAc7cFSSi4kQ=
-14,21,uMkjgjqAoiYXuQrEx6MIX7F5CAg=,HZ6uE3p5uqp4btLWAc7cFSSi4kQ=
-12,21,uMkjgjqAoiYXuQrEx6MIX7F5CAg=,HgiRNBPJJxB0egLkA8wdwNMgIGY=
-14,24,uMkjgjqAoiYXuQrEx6MIX7F5CAg=,X5zVOaSx4k9wdnz6vOTphb6jN8A=
-15,23,uMkjgjqAoiYXuQrEx6MIX7F5CAg=,HZ6uE3p5uqp4btLWAc7cFSSi4kQ=
-12,28,uMkjgjqAoiYXuQrEx6MIX7F5CAg=,4eduV9ujjhUTgkr12lL5fXHV76E=
-15,21,uMkjgjqAoiYXuQrEx6MIX7F5CAg=,HZ6uE3p5uqp4btLWAc7cFSSi4kQ=
-15,24,uMkjgjqAoiYXuQrEx6MIX7F5CAg=,X5zVOaSx4k9wdnz6vOTphb6jN8A=
-13,24,uMkjgjqAoiYXuQrEx6MIX7F5CAg=,X5zVOaSx4k9wdnz6vOTphb6jN8A=
-13,23,uMkjgjqAoiYXuQrEx6MIX7F5CAg=,HZ6uE3p5uqp4btLWAc7cFSSi4kQ=
-14,23,uMkjgjqAoiYXuQrEx6MIX7F5CAg=,HZ6uE3p5uqp4btLWAc7cFSSi4kQ=
-13,21,uMkjgjqAoiYXuQrEx6MIX7F5CAg=,HZ6uE3p5uqp4btLWAc7cFSSi4kQ=
-11,16,uMkjgjqAoiYXuQrEx6MIX7F5CAg=,XRkd6GOR9qL7aMHdSIF57vFw4KI=
-10,16,uMkjgjqAoiYXuQrEx6MIX7F5CAg=,XRkd6GOR9qL7aMHdSIF57vFw4KI=
-6,16,uMkjgjqAoiYXuQrEx6MIX7F5CAg=,ZrW5MXzlg2Upz3d+MWUqrSXJNbY=
-9,16,uMkjgjqAoiYXuQrEx6MIX7F5CAg=,XRkd6GOR9qL7aMHdSIF57vFw4KI=
-8,16,uMkjgjqAoiYXuQrEx6MIX7F5CAg=,ZrW5MXzlg2Upz3d+MWUqrSXJNbY=
-16,21,uMkjgjqAoiYXuQrEx6MIX7F5CAg=,HZ6uE3p5uqp4btLWAc7cFSSi4kQ=
-16,22,uMkjgjqAoiYXuQrEx6MIX7F5CAg=,HZ6uE3p5uqp4btLWAc7cFSSi4kQ=
-7,16,uMkjgjqAoiYXuQrEx6MIX7F5CAg=,ZrW5MXzlg2Upz3d+MWUqrSXJNbY=
-16,29,uMkjgjqAoiYXuQrEx6MIX7F5CAg=,6IpKy3priCFUrRSeO+ZwA92LG8k=
-16,30,uMkjgjqAoiYXuQrEx6MIX7F5CAg=,6IpKy3priCFUrRSeO+ZwA92LG8k=
-16,23,uMkjgjqAoiYXuQrEx6MIX7F5CAg=,HZ6uE3p5uqp4btLWAc7cFSSi4kQ=
-16,26,uMkjgjqAoiYXuQrEx6MIX7F5CAg=,X5zVOaSx4k9wdnz6vOTphb6jN8A=
-16,27,uMkjgjqAoiYXuQrEx6MIX7F5CAg=,X5zVOaSx4k9wdnz6vOTphb6jN8A=
-16,28,uMkjgjqAoiYXuQrEx6MIX7F5CAg=,6IpKy3priCFUrRSeO+ZwA92LG8k=
-16,25,uMkjgjqAoiYXuQrEx6MIX7F5CAg=,X5zVOaSx4k9wdnz6vOTphb6jN8A=
-16,24,uMkjgjqAoiYXuQrEx6MIX7F5CAg=,X5zVOaSx4k9wdnz6vOTphb6jN8A=
-1,18,uMkjgjqAoiYXuQrEx6MIX7F5CAg=,Gkqr4u3UgQ0p1O3NTK1XJtjv/fU=
-1,21,uMkjgjqAoiYXuQrEx6MIX7F5CAg=,01pf7GCj6xfaopavzKaNo6rCw1E=
-1,22,uMkjgjqAoiYXuQrEx6MIX7F5CAg=,01pf7GCj6xfaopavzKaNo6rCw1E=
-1,19,uMkjgjqAoiYXuQrEx6MIX7F5CAg=,Gkqr4u3UgQ0p1O3NTK1XJtjv/fU=
-1,17,uMkjgjqAoiYXuQrEx6MIX7F5CAg=,Gkqr4u3UgQ0p1O3NTK1XJtjv/fU=
-1,20,uMkjgjqAoiYXuQrEx6MIX7F5CAg=,01pf7GCj6xfaopavzKaNo6rCw1E=
-1,30,uMkjgjqAoiYXuQrEx6MIX7F5CAg=,rsqgdg4MH09/GkP0/rl5FWUDZBY=
-1,24,uMkjgjqAoiYXuQrEx6MIX7F5CAg=,01pf7GCj6xfaopavzKaNo6rCw1E=
-1,28,uMkjgjqAoiYXuQrEx6MIX7F5CAg=,rsqgdg4MH09/GkP0/rl5FWUDZBY=
-1,25,uMkjgjqAoiYXuQrEx6MIX7F5CAg=,01pf7GCj6xfaopavzKaNo6rCw1E=
-1,29,uMkjgjqAoiYXuQrEx6MIX7F5CAg=,rsqgdg4MH09/GkP0/rl5FWUDZBY=
-1,26,uMkjgjqAoiYXuQrEx6MIX7F5CAg=,01pf7GCj6xfaopavzKaNo6rCw1E=
-1,27,uMkjgjqAoiYXuQrEx6MIX7F5CAg=,01pf7GCj6xfaopavzKaNo6rCw1E=
-1,23,uMkjgjqAoiYXuQrEx6MIX7F5CAg=,01pf7GCj6xfaopavzKaNo6rCw1E=
-4,16,uMkjgjqAoiYXuQrEx6MIX7F5CAg=,Gkqr4u3UgQ0p1O3NTK1XJtjv/fU=
-5,16,uMkjgjqAoiYXuQrEx6MIX7F5CAg=,ZrW5MXzlg2Upz3d+MWUqrSXJNbY=
-1,16,uMkjgjqAoiYXuQrEx6MIX7F5CAg=,Gkqr4u3UgQ0p1O3NTK1XJtjv/fU=
-12,17,uMkjgjqAoiYXuQrEx6MIX7F5CAg=,XRkd6GOR9qL7aMHdSIF57vFw4KI=
-16,19,uMkjgjqAoiYXuQrEx6MIX7F5CAg=,9Oxz3SabFNcHDqLuwxpGyMnpDt0=
-2,16,uMkjgjqAoiYXuQrEx6MIX7F5CAg=,Gkqr4u3UgQ0p1O3NTK1XJtjv/fU=
-13,17,uMkjgjqAoiYXuQrEx6MIX7F5CAg=,9Oxz3SabFNcHDqLuwxpGyMnpDt0=
-13,18,uMkjgjqAoiYXuQrEx6MIX7F5CAg=,9Oxz3SabFNcHDqLuwxpGyMnpDt0=
-12,16,uMkjgjqAoiYXuQrEx6MIX7F5CAg=,XRkd6GOR9qL7aMHdSIF57vFw4KI=
-15,16,uMkjgjqAoiYXuQrEx6MIX7F5CAg=,9Oxz3SabFNcHDqLuwxpGyMnpDt0=
-15,17,uMkjgjqAoiYXuQrEx6MIX7F5CAg=,9Oxz3SabFNcHDqLuwxpGyMnpDt0=
-12,18,uMkjgjqAoiYXuQrEx6MIX7F5CAg=,XRkd6GOR9qL7aMHdSIF57vFw4KI=
-3,16,uMkjgjqAoiYXuQrEx6MIX7F5CAg=,Gkqr4u3UgQ0p1O3NTK1XJtjv/fU=
-15,19,uMkjgjqAoiYXuQrEx6MIX7F5CAg=,9Oxz3SabFNcHDqLuwxpGyMnpDt0=
-12,19,uMkjgjqAoiYXuQrEx6MIX7F5CAg=,XRkd6GOR9qL7aMHdSIF57vFw4KI=
-14,19,uMkjgjqAoiYXuQrEx6MIX7F5CAg=,9Oxz3SabFNcHDqLuwxpGyMnpDt0=
-13,20,uMkjgjqAoiYXuQrEx6MIX7F5CAg=,HZ6uE3p5uqp4btLWAc7cFSSi4kQ=
-15,18,uMkjgjqAoiYXuQrEx6MIX7F5CAg=,9Oxz3SabFNcHDqLuwxpGyMnpDt0=
-13,19,uMkjgjqAoiYXuQrEx6MIX7F5CAg=,9Oxz3SabFNcHDqLuwxpGyMnpDt0=
-14,18,uMkjgjqAoiYXuQrEx6MIX7F5CAg=,9Oxz3SabFNcHDqLuwxpGyMnpDt0=
-16,20,uMkjgjqAoiYXuQrEx6MIX7F5CAg=,HZ6uE3p5uqp4btLWAc7cFSSi4kQ=
-14,16,uMkjgjqAoiYXuQrEx6MIX7F5CAg=,9Oxz3SabFNcHDqLuwxpGyMnpDt0=
-12,20,uMkjgjqAoiYXuQrEx6MIX7F5CAg=,HgiRNBPJJxB0egLkA8wdwNMgIGY=
-13,16,uMkjgjqAoiYXuQrEx6MIX7F5CAg=,9Oxz3SabFNcHDqLuwxpGyMnpDt0=
-14,17,uMkjgjqAoiYXuQrEx6MIX7F5CAg=,9Oxz3SabFNcHDqLuwxpGyMnpDt0=
-16,17,uMkjgjqAoiYXuQrEx6MIX7F5CAg=,9Oxz3SabFNcHDqLuwxpGyMnpDt0=
-16,16,uMkjgjqAoiYXuQrEx6MIX7F5CAg=,9Oxz3SabFNcHDqLuwxpGyMnpDt0=
-16,18,uMkjgjqAoiYXuQrEx6MIX7F5CAg=,9Oxz3SabFNcHDqLuwxpGyMnpDt0=
-15,20,uMkjgjqAoiYXuQrEx6MIX7F5CAg=,HZ6uE3p5uqp4btLWAc7cFSSi4kQ=
-14,20,uMkjgjqAoiYXuQrEx6MIX7F5CAg=,HZ6uE3p5uqp4btLWAc7cFSSi4kQ=
-7,1,WGEypg7Xju08wiaxsF+2mT+MeW0=,MWZYGEBMKjjaTEueVW84kpevHTQ=
-6,2,WGEypg7Xju08wiaxsF+2mT+MeW0=,MWZYGEBMKjjaTEueVW84kpevHTQ=
-7,2,WGEypg7Xju08wiaxsF+2mT+MeW0=,MWZYGEBMKjjaTEueVW84kpevHTQ=
-6,1,WGEypg7Xju08wiaxsF+2mT+MeW0=,MWZYGEBMKjjaTEueVW84kpevHTQ=
-6,6,WGEypg7Xju08wiaxsF+2mT+MeW0=,T1al/NwxyP2qDVDGx2HeGHvN1kk=
-6,4,WGEypg7Xju08wiaxsF+2mT+MeW0=,T1al/NwxyP2qDVDGx2HeGHvN1kk=
-7,4,WGEypg7Xju08wiaxsF+2mT+MeW0=,T1al/NwxyP2qDVDGx2HeGHvN1kk=
-7,3,WGEypg7Xju08wiaxsF+2mT+MeW0=,MWZYGEBMKjjaTEueVW84kpevHTQ=
-7,5,WGEypg7Xju08wiaxsF+2mT+MeW0=,T1al/NwxyP2qDVDGx2HeGHvN1kk=
-4,5,WGEypg7Xju08wiaxsF+2mT+MeW0=,bjJ5LwgOiHDErh1ks4fjXe/h3+w=
-3,6,WGEypg7Xju08wiaxsF+2mT+MeW0=,bjJ5LwgOiHDErh1ks4fjXe/h3+w=
-7,6,WGEypg7Xju08wiaxsF+2mT+MeW0=,T1al/NwxyP2qDVDGx2HeGHvN1kk=
-4,6,WGEypg7Xju08wiaxsF+2mT+MeW0=,bjJ5LwgOiHDErh1ks4fjXe/h3+w=
-6,3,WGEypg7Xju08wiaxsF+2mT+MeW0=,MWZYGEBMKjjaTEueVW84kpevHTQ=
-5,5,WGEypg7Xju08wiaxsF+2mT+MeW0=,T1al/NwxyP2qDVDGx2HeGHvN1kk=
-6,5,WGEypg7Xju08wiaxsF+2mT+MeW0=,T1al/NwxyP2qDVDGx2HeGHvN1kk=
-3,5,WGEypg7Xju08wiaxsF+2mT+MeW0=,bjJ5LwgOiHDErh1ks4fjXe/h3+w=
-2,5,WGEypg7Xju08wiaxsF+2mT+MeW0=,bjJ5LwgOiHDErh1ks4fjXe/h3+w=
-5,6,WGEypg7Xju08wiaxsF+2mT+MeW0=,T1al/NwxyP2qDVDGx2HeGHvN1kk=
-5,2,WGEypg7Xju08wiaxsF+2mT+MeW0=,MWZYGEBMKjjaTEueVW84kpevHTQ=
-2,2,WGEypg7Xju08wiaxsF+2mT+MeW0=,RVQ+cEu0SgjLxxPuwg4XPN2qsZ8=
-5,3,WGEypg7Xju08wiaxsF+2mT+MeW0=,MWZYGEBMKjjaTEueVW84kpevHTQ=
-2,6,WGEypg7Xju08wiaxsF+2mT+MeW0=,bjJ5LwgOiHDErh1ks4fjXe/h3+w=
-2,3,WGEypg7Xju08wiaxsF+2mT+MeW0=,RVQ+cEu0SgjLxxPuwg4XPN2qsZ8=
-5,1,WGEypg7Xju08wiaxsF+2mT+MeW0=,MWZYGEBMKjjaTEueVW84kpevHTQ=
-4,2,WGEypg7Xju08wiaxsF+2mT+MeW0=,RVQ+cEu0SgjLxxPuwg4XPN2qsZ8=
-4,1,WGEypg7Xju08wiaxsF+2mT+MeW0=,RVQ+cEu0SgjLxxPuwg4XPN2qsZ8=
-3,2,WGEypg7Xju08wiaxsF+2mT+MeW0=,RVQ+cEu0SgjLxxPuwg4XPN2qsZ8=
-2,4,WGEypg7Xju08wiaxsF+2mT+MeW0=,bjJ5LwgOiHDErh1ks4fjXe/h3+w=
-3,4,WGEypg7Xju08wiaxsF+2mT+MeW0=,bjJ5LwgOiHDErh1ks4fjXe/h3+w=
-3,1,WGEypg7Xju08wiaxsF+2mT+MeW0=,RVQ+cEu0SgjLxxPuwg4XPN2qsZ8=
-2,1,WGEypg7Xju08wiaxsF+2mT+MeW0=,RVQ+cEu0SgjLxxPuwg4XPN2qsZ8=
-4,3,WGEypg7Xju08wiaxsF+2mT+MeW0=,RVQ+cEu0SgjLxxPuwg4XPN2qsZ8=
-3,3,WGEypg7Xju08wiaxsF+2mT+MeW0=,RVQ+cEu0SgjLxxPuwg4XPN2qsZ8=
-5,4,WGEypg7Xju08wiaxsF+2mT+MeW0=,T1al/NwxyP2qDVDGx2HeGHvN1kk=
-4,4,WGEypg7Xju08wiaxsF+2mT+MeW0=,bjJ5LwgOiHDErh1ks4fjXe/h3+w=
-11,5,hCJXTYq/Mzdq27DHq1xm2PBtgaU=,E9q2ffBbkNhnZt9x4uA1jmrk3TM=
-9,6,hCJXTYq/Mzdq27DHq1xm2PBtgaU=,E9q2ffBbkNhnZt9x4uA1jmrk3TM=
-9,5,hCJXTYq/Mzdq27DHq1xm2PBtgaU=,E9q2ffBbkNhnZt9x4uA1jmrk3TM=
-10,5,hCJXTYq/Mzdq27DHq1xm2PBtgaU=,E9q2ffBbkNhnZt9x4uA1jmrk3TM=
-10,6,hCJXTYq/Mzdq27DHq1xm2PBtgaU=,E9q2ffBbkNhnZt9x4uA1jmrk3TM=
-8,6,hCJXTYq/Mzdq27DHq1xm2PBtgaU=,T1al/NwxyP2qDVDGx2HeGHvN1kk=
-8,5,hCJXTYq/Mzdq27DHq1xm2PBtgaU=,T1al/NwxyP2qDVDGx2HeGHvN1kk=
-11,6,hCJXTYq/Mzdq27DHq1xm2PBtgaU=,E9q2ffBbkNhnZt9x4uA1jmrk3TM=
-13,5,hCJXTYq/Mzdq27DHq1xm2PBtgaU=,77HxcO0k57X4VIFA0rvBK3shk64=
-14,6,hCJXTYq/Mzdq27DHq1xm2PBtgaU=,77HxcO0k57X4VIFA0rvBK3shk64=
-15,5,hCJXTYq/Mzdq27DHq1xm2PBtgaU=,77HxcO0k57X4VIFA0rvBK3shk64=
-14,5,hCJXTYq/Mzdq27DHq1xm2PBtgaU=,77HxcO0k57X4VIFA0rvBK3shk64=
-13,6,hCJXTYq/Mzdq27DHq1xm2PBtgaU=,77HxcO0k57X4VIFA0rvBK3shk64=
-7,8,hCJXTYq/Mzdq27DHq1xm2PBtgaU=,+oHbxPXzrF2jc5R5JMnHZRW7BO0=
-6,8,hCJXTYq/Mzdq27DHq1xm2PBtgaU=,+oHbxPXzrF2jc5R5JMnHZRW7BO0=
-7,7,hCJXTYq/Mzdq27DHq1xm2PBtgaU=,T1al/NwxyP2qDVDGx2HeGHvN1kk=
-15,6,hCJXTYq/Mzdq27DHq1xm2PBtgaU=,77HxcO0k57X4VIFA0rvBK3shk64=
-7,10,hCJXTYq/Mzdq27DHq1xm2PBtgaU=,+oHbxPXzrF2jc5R5JMnHZRW7BO0=
-6,7,hCJXTYq/Mzdq27DHq1xm2PBtgaU=,T1al/NwxyP2qDVDGx2HeGHvN1kk=
-12,5,hCJXTYq/Mzdq27DHq1xm2PBtgaU=,E9q2ffBbkNhnZt9x4uA1jmrk3TM=
-6,9,hCJXTYq/Mzdq27DHq1xm2PBtgaU=,+oHbxPXzrF2jc5R5JMnHZRW7BO0=
-6,10,hCJXTYq/Mzdq27DHq1xm2PBtgaU=,+oHbxPXzrF2jc5R5JMnHZRW7BO0=
-12,6,hCJXTYq/Mzdq27DHq1xm2PBtgaU=,E9q2ffBbkNhnZt9x4uA1jmrk3TM=
-7,9,hCJXTYq/Mzdq27DHq1xm2PBtgaU=,+oHbxPXzrF2jc5R5JMnHZRW7BO0=
-11,9,hCJXTYq/Mzdq27DHq1xm2PBtgaU=,pkjAtQwrC49xBhf/dEIvI9Pc5iQ=
-8,8,hCJXTYq/Mzdq27DHq1xm2PBtgaU=,+oHbxPXzrF2jc5R5JMnHZRW7BO0=
-10,10,hCJXTYq/Mzdq27DHq1xm2PBtgaU=,pkjAtQwrC49xBhf/dEIvI9Pc5iQ=
-8,10,hCJXTYq/Mzdq27DHq1xm2PBtgaU=,+oHbxPXzrF2jc5R5JMnHZRW7BO0=
-10,7,hCJXTYq/Mzdq27DHq1xm2PBtgaU=,E9q2ffBbkNhnZt9x4uA1jmrk3TM=
-8,7,hCJXTYq/Mzdq27DHq1xm2PBtgaU=,T1al/NwxyP2qDVDGx2HeGHvN1kk=
-10,9,hCJXTYq/Mzdq27DHq1xm2PBtgaU=,pkjAtQwrC49xBhf/dEIvI9Pc5iQ=
-10,8,hCJXTYq/Mzdq27DHq1xm2PBtgaU=,pkjAtQwrC49xBhf/dEIvI9Pc5iQ=
-9,8,hCJXTYq/Mzdq27DHq1xm2PBtgaU=,pkjAtQwrC49xBhf/dEIvI9Pc5iQ=
-9,9,hCJXTYq/Mzdq27DHq1xm2PBtgaU=,pkjAtQwrC49xBhf/dEIvI9Pc5iQ=
-9,7,hCJXTYq/Mzdq27DHq1xm2PBtgaU=,E9q2ffBbkNhnZt9x4uA1jmrk3TM=
-8,9,hCJXTYq/Mzdq27DHq1xm2PBtgaU=,+oHbxPXzrF2jc5R5JMnHZRW7BO0=
-9,10,hCJXTYq/Mzdq27DHq1xm2PBtgaU=,pkjAtQwrC49xBhf/dEIvI9Pc5iQ=
-11,10,hCJXTYq/Mzdq27DHq1xm2PBtgaU=,pkjAtQwrC49xBhf/dEIvI9Pc5iQ=
-11,7,hCJXTYq/Mzdq27DHq1xm2PBtgaU=,E9q2ffBbkNhnZt9x4uA1jmrk3TM=
-11,8,hCJXTYq/Mzdq27DHq1xm2PBtgaU=,pkjAtQwrC49xBhf/dEIvI9Pc5iQ=
-13,8,hCJXTYq/Mzdq27DHq1xm2PBtgaU=,4LwYq5cFUWSg4kcvtJ3GA2MyJe0=
-14,9,hCJXTYq/Mzdq27DHq1xm2PBtgaU=,4LwYq5cFUWSg4kcvtJ3GA2MyJe0=
-15,8,hCJXTYq/Mzdq27DHq1xm2PBtgaU=,4LwYq5cFUWSg4kcvtJ3GA2MyJe0=
-14,8,hCJXTYq/Mzdq27DHq1xm2PBtgaU=,4LwYq5cFUWSg4kcvtJ3GA2MyJe0=
-13,9,hCJXTYq/Mzdq27DHq1xm2PBtgaU=,4LwYq5cFUWSg4kcvtJ3GA2MyJe0=
-12,7,hCJXTYq/Mzdq27DHq1xm2PBtgaU=,E9q2ffBbkNhnZt9x4uA1jmrk3TM=
-13,7,hCJXTYq/Mzdq27DHq1xm2PBtgaU=,77HxcO0k57X4VIFA0rvBK3shk64=
-14,7,hCJXTYq/Mzdq27DHq1xm2PBtgaU=,77HxcO0k57X4VIFA0rvBK3shk64=
-13,10,hCJXTYq/Mzdq27DHq1xm2PBtgaU=,4LwYq5cFUWSg4kcvtJ3GA2MyJe0=
-15,9,hCJXTYq/Mzdq27DHq1xm2PBtgaU=,4LwYq5cFUWSg4kcvtJ3GA2MyJe0=
-12,8,hCJXTYq/Mzdq27DHq1xm2PBtgaU=,pkjAtQwrC49xBhf/dEIvI9Pc5iQ=
-15,7,hCJXTYq/Mzdq27DHq1xm2PBtgaU=,77HxcO0k57X4VIFA0rvBK3shk64=
-12,10,hCJXTYq/Mzdq27DHq1xm2PBtgaU=,pkjAtQwrC49xBhf/dEIvI9Pc5iQ=
-15,10,hCJXTYq/Mzdq27DHq1xm2PBtgaU=,4LwYq5cFUWSg4kcvtJ3GA2MyJe0=
-14,10,hCJXTYq/Mzdq27DHq1xm2PBtgaU=,4LwYq5cFUWSg4kcvtJ3GA2MyJe0=
-12,9,hCJXTYq/Mzdq27DHq1xm2PBtgaU=,pkjAtQwrC49xBhf/dEIvI9Pc5iQ=
-11,13,hCJXTYq/Mzdq27DHq1xm2PBtgaU=,XRkd6GOR9qL7aMHdSIF57vFw4KI=
-10,12,hCJXTYq/Mzdq27DHq1xm2PBtgaU=,XRkd6GOR9qL7aMHdSIF57vFw4KI=
-11,12,hCJXTYq/Mzdq27DHq1xm2PBtgaU=,XRkd6GOR9qL7aMHdSIF57vFw4KI=
-10,13,oxfARjwLRlz+u9mo1skZHT4ofqg=,XRkd6GOR9qL7aMHdSIF57vFw4KI=
-10,14,oxfARjwLRlz+u9mo1skZHT4ofqg=,XRkd6GOR9qL7aMHdSIF57vFw4KI=
-11,14,oxfARjwLRlz+u9mo1skZHT4ofqg=,XRkd6GOR9qL7aMHdSIF57vFw4KI=
-11,11,oxfARjwLRlz+u9mo1skZHT4ofqg=,pkjAtQwrC49xBhf/dEIvI9Pc5iQ=
-10,11,oxfARjwLRlz+u9mo1skZHT4ofqg=,pkjAtQwrC49xBhf/dEIvI9Pc5iQ=
-12,13,oxfARjwLRlz+u9mo1skZHT4ofqg=,XRkd6GOR9qL7aMHdSIF57vFw4KI=
-13,13,oxfARjwLRlz+u9mo1skZHT4ofqg=,Bkbq6ZcLbkPcNHczk6fz56vRoyU=
-15,14,oxfARjwLRlz+u9mo1skZHT4ofqg=,Bkbq6ZcLbkPcNHczk6fz56vRoyU=
-13,14,oxfARjwLRlz+u9mo1skZHT4ofqg=,Bkbq6ZcLbkPcNHczk6fz56vRoyU=
-15,11,oxfARjwLRlz+u9mo1skZHT4ofqg=,4LwYq5cFUWSg4kcvtJ3GA2MyJe0=
-14,13,oxfARjwLRlz+u9mo1skZHT4ofqg=,Bkbq6ZcLbkPcNHczk6fz56vRoyU=
-15,12,oxfARjwLRlz+u9mo1skZHT4ofqg=,Bkbq6ZcLbkPcNHczk6fz56vRoyU=
-12,12,oxfARjwLRlz+u9mo1skZHT4ofqg=,XRkd6GOR9qL7aMHdSIF57vFw4KI=
-14,14,oxfARjwLRlz+u9mo1skZHT4ofqg=,Bkbq6ZcLbkPcNHczk6fz56vRoyU=
-12,11,oxfARjwLRlz+u9mo1skZHT4ofqg=,pkjAtQwrC49xBhf/dEIvI9Pc5iQ=
-14,12,oxfARjwLRlz+u9mo1skZHT4ofqg=,Bkbq6ZcLbkPcNHczk6fz56vRoyU=
-15,13,oxfARjwLRlz+u9mo1skZHT4ofqg=,Bkbq6ZcLbkPcNHczk6fz56vRoyU=
-13,12,oxfARjwLRlz+u9mo1skZHT4ofqg=,Bkbq6ZcLbkPcNHczk6fz56vRoyU=
-12,14,oxfARjwLRlz+u9mo1skZHT4ofqg=,XRkd6GOR9qL7aMHdSIF57vFw4KI=
-13,11,oxfARjwLRlz+u9mo1skZHT4ofqg=,4LwYq5cFUWSg4kcvtJ3GA2MyJe0=
-14,11,oxfARjwLRlz+u9mo1skZHT4ofqg=,4LwYq5cFUWSg4kcvtJ3GA2MyJe0=
-5,14,oxfARjwLRlz+u9mo1skZHT4ofqg=,XRkd6GOR9qL7aMHdSIF57vFw4KI=
-9,12,oxfARjwLRlz+u9mo1skZHT4ofqg=,XRkd6GOR9qL7aMHdSIF57vFw4KI=
-2,13,oxfARjwLRlz+u9mo1skZHT4ofqg=,WkcAF4VTSA1K57bj9QrfJnmuZ1A=
-8,14,oxfARjwLRlz+u9mo1skZHT4ofqg=,XRkd6GOR9qL7aMHdSIF57vFw4KI=
-3,13,oxfARjwLRlz+u9mo1skZHT4ofqg=,WkcAF4VTSA1K57bj9QrfJnmuZ1A=
-6,13,oxfARjwLRlz+u9mo1skZHT4ofqg=,XRkd6GOR9qL7aMHdSIF57vFw4KI=
-9,11,oxfARjwLRlz+u9mo1skZHT4ofqg=,pkjAtQwrC49xBhf/dEIvI9Pc5iQ=
-8,11,oxfARjwLRlz+u9mo1skZHT4ofqg=,+oHbxPXzrF2jc5R5JMnHZRW7BO0=
-8,12,oxfARjwLRlz+u9mo1skZHT4ofqg=,XRkd6GOR9qL7aMHdSIF57vFw4KI=
-7,15,oxfARjwLRlz+u9mo1skZHT4ofqg=,XRkd6GOR9qL7aMHdSIF57vFw4KI=
-5,13,oxfARjwLRlz+u9mo1skZHT4ofqg=,XRkd6GOR9qL7aMHdSIF57vFw4KI=
-4,13,oxfARjwLRlz+u9mo1skZHT4ofqg=,WkcAF4VTSA1K57bj9QrfJnmuZ1A=
-6,14,oxfARjwLRlz+u9mo1skZHT4ofqg=,XRkd6GOR9qL7aMHdSIF57vFw4KI=
-7,12,oxfARjwLRlz+u9mo1skZHT4ofqg=,XRkd6GOR9qL7aMHdSIF57vFw4KI=
-8,13,oxfARjwLRlz+u9mo1skZHT4ofqg=,XRkd6GOR9qL7aMHdSIF57vFw4KI=
-6,11,oxfARjwLRlz+u9mo1skZHT4ofqg=,+oHbxPXzrF2jc5R5JMnHZRW7BO0=
-9,14,oxfARjwLRlz+u9mo1skZHT4ofqg=,XRkd6GOR9qL7aMHdSIF57vFw4KI=
-7,14,oxfARjwLRlz+u9mo1skZHT4ofqg=,XRkd6GOR9qL7aMHdSIF57vFw4KI=
-1,13,oxfARjwLRlz+u9mo1skZHT4ofqg=,WkcAF4VTSA1K57bj9QrfJnmuZ1A=
-6,12,oxfARjwLRlz+u9mo1skZHT4ofqg=,XRkd6GOR9qL7aMHdSIF57vFw4KI=
-7,11,oxfARjwLRlz+u9mo1skZHT4ofqg=,+oHbxPXzrF2jc5R5JMnHZRW7BO0=
-3,14,oxfARjwLRlz+u9mo1skZHT4ofqg=,WkcAF4VTSA1K57bj9QrfJnmuZ1A=
-2,14,oxfARjwLRlz+u9mo1skZHT4ofqg=,WkcAF4VTSA1K57bj9QrfJnmuZ1A=
-1,14,oxfARjwLRlz+u9mo1skZHT4ofqg=,WkcAF4VTSA1K57bj9QrfJnmuZ1A=
-9,13,oxfARjwLRlz+u9mo1skZHT4ofqg=,XRkd6GOR9qL7aMHdSIF57vFw4KI=
-6,15,oxfARjwLRlz+u9mo1skZHT4ofqg=,XRkd6GOR9qL7aMHdSIF57vFw4KI=
-7,13,oxfARjwLRlz+u9mo1skZHT4ofqg=,XRkd6GOR9qL7aMHdSIF57vFw4KI=
-4,14,oxfARjwLRlz+u9mo1skZHT4ofqg=,WkcAF4VTSA1K57bj9QrfJnmuZ1A=
-4,15,oxfARjwLRlz+u9mo1skZHT4ofqg=,WkcAF4VTSA1K57bj9QrfJnmuZ1A=
-2,15,oxfARjwLRlz+u9mo1skZHT4ofqg=,WkcAF4VTSA1K57bj9QrfJnmuZ1A=
-3,15,oxfARjwLRlz+u9mo1skZHT4ofqg=,WkcAF4VTSA1K57bj9QrfJnmuZ1A=
-1,1,oxfARjwLRlz+u9mo1skZHT4ofqg=,RVQ+cEu0SgjLxxPuwg4XPN2qsZ8=
-1,6,oxfARjwLRlz+u9mo1skZHT4ofqg=,bjJ5LwgOiHDErh1ks4fjXe/h3+w=
-1,3,oxfARjwLRlz+u9mo1skZHT4ofqg=,RVQ+cEu0SgjLxxPuwg4XPN2qsZ8=
-1,4,oxfARjwLRlz+u9mo1skZHT4ofqg=,bjJ5LwgOiHDErh1ks4fjXe/h3+w=
-1,5,oxfARjwLRlz+u9mo1skZHT4ofqg=,bjJ5LwgOiHDErh1ks4fjXe/h3+w=
-5,15,oxfARjwLRlz+u9mo1skZHT4ofqg=,XRkd6GOR9qL7aMHdSIF57vFw4KI=
-7,0,oxfARjwLRlz+u9mo1skZHT4ofqg=,MWZYGEBMKjjaTEueVW84kpevHTQ=
-1,2,oxfARjwLRlz+u9mo1skZHT4ofqg=,RVQ+cEu0SgjLxxPuwg4XPN2qsZ8=
-6,0,oxfARjwLRlz+u9mo1skZHT4ofqg=,MWZYGEBMKjjaTEueVW84kpevHTQ=
-3,0,oxfARjwLRlz+u9mo1skZHT4ofqg=,RVQ+cEu0SgjLxxPuwg4XPN2qsZ8=
-2,0,oxfARjwLRlz+u9mo1skZHT4ofqg=,RVQ+cEu0SgjLxxPuwg4XPN2qsZ8=
-4,0,oxfARjwLRlz+u9mo1skZHT4ofqg=,RVQ+cEu0SgjLxxPuwg4XPN2qsZ8=
-5,0,oxfARjwLRlz+u9mo1skZHT4ofqg=,MWZYGEBMKjjaTEueVW84kpevHTQ=
-16,6,oxfARjwLRlz+u9mo1skZHT4ofqg=,77HxcO0k57X4VIFA0rvBK3shk64=
-16,5,oxfARjwLRlz+u9mo1skZHT4ofqg=,77HxcO0k57X4VIFA0rvBK3shk64=
-5,8,oxfARjwLRlz+u9mo1skZHT4ofqg=,+oHbxPXzrF2jc5R5JMnHZRW7BO0=
-4,7,oxfARjwLRlz+u9mo1skZHT4ofqg=,bjJ5LwgOiHDErh1ks4fjXe/h3+w=
-2,12,oxfARjwLRlz+u9mo1skZHT4ofqg=,WkcAF4VTSA1K57bj9QrfJnmuZ1A=
-3,12,oxfARjwLRlz+u9mo1skZHT4ofqg=,WkcAF4VTSA1K57bj9QrfJnmuZ1A=
-4,12,oxfARjwLRlz+u9mo1skZHT4ofqg=,WkcAF4VTSA1K57bj9QrfJnmuZ1A=
-1,10,oxfARjwLRlz+u9mo1skZHT4ofqg=,WkcAF4VTSA1K57bj9QrfJnmuZ1A=
-1,9,oxfARjwLRlz+u9mo1skZHT4ofqg=,WkcAF4VTSA1K57bj9QrfJnmuZ1A=
-4,9,oxfARjwLRlz+u9mo1skZHT4ofqg=,WkcAF4VTSA1K57bj9QrfJnmuZ1A=
-1,11,oxfARjwLRlz+u9mo1skZHT4ofqg=,WkcAF4VTSA1K57bj9QrfJnmuZ1A=
-1,8,oxfARjwLRlz+u9mo1skZHT4ofqg=,WkcAF4VTSA1K57bj9QrfJnmuZ1A=
-5,9,oxfARjwLRlz+u9mo1skZHT4ofqg=,+oHbxPXzrF2jc5R5JMnHZRW7BO0=
-5,12,oxfARjwLRlz+u9mo1skZHT4ofqg=,XRkd6GOR9qL7aMHdSIF57vFw4KI=
-1,12,oxfARjwLRlz+u9mo1skZHT4ofqg=,WkcAF4VTSA1K57bj9QrfJnmuZ1A=
-5,10,oxfARjwLRlz+u9mo1skZHT4ofqg=,+oHbxPXzrF2jc5R5JMnHZRW7BO0=
-3,9,oxfARjwLRlz+u9mo1skZHT4ofqg=,WkcAF4VTSA1K57bj9QrfJnmuZ1A=
-3,10,oxfARjwLRlz+u9mo1skZHT4ofqg=,WkcAF4VTSA1K57bj9QrfJnmuZ1A=
-4,11,oxfARjwLRlz+u9mo1skZHT4ofqg=,WkcAF4VTSA1K57bj9QrfJnmuZ1A=
-2,11,oxfARjwLRlz+u9mo1skZHT4ofqg=,WkcAF4VTSA1K57bj9QrfJnmuZ1A=
-2,9,oxfARjwLRlz+u9mo1skZHT4ofqg=,WkcAF4VTSA1K57bj9QrfJnmuZ1A=
-2,10,oxfARjwLRlz+u9mo1skZHT4ofqg=,WkcAF4VTSA1K57bj9QrfJnmuZ1A=
-2,7,oxfARjwLRlz+u9mo1skZHT4ofqg=,bjJ5LwgOiHDErh1ks4fjXe/h3+w=
-3,7,oxfARjwLRlz+u9mo1skZHT4ofqg=,bjJ5LwgOiHDErh1ks4fjXe/h3+w=
-3,11,oxfARjwLRlz+u9mo1skZHT4ofqg=,WkcAF4VTSA1K57bj9QrfJnmuZ1A=
-3,8,oxfARjwLRlz+u9mo1skZHT4ofqg=,WkcAF4VTSA1K57bj9QrfJnmuZ1A=
-4,10,oxfARjwLRlz+u9mo1skZHT4ofqg=,WkcAF4VTSA1K57bj9QrfJnmuZ1A=
-4,8,oxfARjwLRlz+u9mo1skZHT4ofqg=,WkcAF4VTSA1K57bj9QrfJnmuZ1A=
-5,7,oxfARjwLRlz+u9mo1skZHT4ofqg=,T1al/NwxyP2qDVDGx2HeGHvN1kk=
-5,11,oxfARjwLRlz+u9mo1skZHT4ofqg=,+oHbxPXzrF2jc5R5JMnHZRW7BO0=
-2,8,oxfARjwLRlz+u9mo1skZHT4ofqg=,WkcAF4VTSA1K57bj9QrfJnmuZ1A=
-1,7,oxfARjwLRlz+u9mo1skZHT4ofqg=,bjJ5LwgOiHDErh1ks4fjXe/h3+w=
-16,9,oxfARjwLRlz+u9mo1skZHT4ofqg=,4LwYq5cFUWSg4kcvtJ3GA2MyJe0=
-16,7,oxfARjwLRlz+u9mo1skZHT4ofqg=,77HxcO0k57X4VIFA0rvBK3shk64=
-16,8,oxfARjwLRlz+u9mo1skZHT4ofqg=,4LwYq5cFUWSg4kcvtJ3GA2MyJe0=
-16,10,oxfARjwLRlz+u9mo1skZHT4ofqg=,4LwYq5cFUWSg4kcvtJ3GA2MyJe0=
-10,2,oxfARjwLRlz+u9mo1skZHT4ofqg=,QzAjA/DaDoVzQE++AsrvysQkcZ4=
-8,2,oxfARjwLRlz+u9mo1skZHT4ofqg=,MWZYGEBMKjjaTEueVW84kpevHTQ=
-9,2,oxfARjwLRlz+u9mo1skZHT4ofqg=,QzAjA/DaDoVzQE++AsrvysQkcZ4=
-9,3,oxfARjwLRlz+u9mo1skZHT4ofqg=,QzAjA/DaDoVzQE++AsrvysQkcZ4=
-8,0,oxfARjwLRlz+u9mo1skZHT4ofqg=,MWZYGEBMKjjaTEueVW84kpevHTQ=
-10,1,oxfARjwLRlz+u9mo1skZHT4ofqg=,QzAjA/DaDoVzQE++AsrvysQkcZ4=
-11,1,oxfARjwLRlz+u9mo1skZHT4ofqg=,QzAjA/DaDoVzQE++AsrvysQkcZ4=
-10,0,oxfARjwLRlz+u9mo1skZHT4ofqg=,QzAjA/DaDoVzQE++AsrvysQkcZ4=
-11,2,oxfARjwLRlz+u9mo1skZHT4ofqg=,QzAjA/DaDoVzQE++AsrvysQkcZ4=
-10,3,oxfARjwLRlz+u9mo1skZHT4ofqg=,QzAjA/DaDoVzQE++AsrvysQkcZ4=
-9,1,oxfARjwLRlz+u9mo1skZHT4ofqg=,QzAjA/DaDoVzQE++AsrvysQkcZ4=
-10,4,oxfARjwLRlz+u9mo1skZHT4ofqg=,E9q2ffBbkNhnZt9x4uA1jmrk3TM=
-11,4,oxfARjwLRlz+u9mo1skZHT4ofqg=,E9q2ffBbkNhnZt9x4uA1jmrk3TM=
-9,4,oxfARjwLRlz+u9mo1skZHT4ofqg=,E9q2ffBbkNhnZt9x4uA1jmrk3TM=
-11,0,oxfARjwLRlz+u9mo1skZHT4ofqg=,QzAjA/DaDoVzQE++AsrvysQkcZ4=
-9,0,oxfARjwLRlz+u9mo1skZHT4ofqg=,QzAjA/DaDoVzQE++AsrvysQkcZ4=
-11,3,oxfARjwLRlz+u9mo1skZHT4ofqg=,QzAjA/DaDoVzQE++AsrvysQkcZ4=
-8,1,oxfARjwLRlz+u9mo1skZHT4ofqg=,MWZYGEBMKjjaTEueVW84kpevHTQ=
-8,3,oxfARjwLRlz+u9mo1skZHT4ofqg=,MWZYGEBMKjjaTEueVW84kpevHTQ=
-16,3,oxfARjwLRlz+u9mo1skZHT4ofqg=,eszo/MqCmLG1lAAMpBvf2G0r9eY=
-13,3,oxfARjwLRlz+u9mo1skZHT4ofqg=,eszo/MqCmLG1lAAMpBvf2G0r9eY=
-16,4,oxfARjwLRlz+u9mo1skZHT4ofqg=,77HxcO0k57X4VIFA0rvBK3shk64=
-14,4,oxfARjwLRlz+u9mo1skZHT4ofqg=,77HxcO0k57X4VIFA0rvBK3shk64=
-8,4,oxfARjwLRlz+u9mo1skZHT4ofqg=,T1al/NwxyP2qDVDGx2HeGHvN1kk=
-13,4,oxfARjwLRlz+u9mo1skZHT4ofqg=,77HxcO0k57X4VIFA0rvBK3shk64=
-15,2,oxfARjwLRlz+u9mo1skZHT4ofqg=,eszo/MqCmLG1lAAMpBvf2G0r9eY=
-14,3,oxfARjwLRlz+u9mo1skZHT4ofqg=,eszo/MqCmLG1lAAMpBvf2G0r9eY=
-12,2,oxfARjwLRlz+u9mo1skZHT4ofqg=,QzAjA/DaDoVzQE++AsrvysQkcZ4=
-15,3,oxfARjwLRlz+u9mo1skZHT4ofqg=,eszo/MqCmLG1lAAMpBvf2G0r9eY=
-12,0,oxfARjwLRlz+u9mo1skZHT4ofqg=,QzAjA/DaDoVzQE++AsrvysQkcZ4=
-15,4,oxfARjwLRlz+u9mo1skZHT4ofqg=,77HxcO0k57X4VIFA0rvBK3shk64=
-13,2,oxfARjwLRlz+u9mo1skZHT4ofqg=,eszo/MqCmLG1lAAMpBvf2G0r9eY=
-14,1,oxfARjwLRlz+u9mo1skZHT4ofqg=,eszo/MqCmLG1lAAMpBvf2G0r9eY=
-12,4,oxfARjwLRlz+u9mo1skZHT4ofqg=,E9q2ffBbkNhnZt9x4uA1jmrk3TM=
-16,2,oxfARjwLRlz+u9mo1skZHT4ofqg=,eszo/MqCmLG1lAAMpBvf2G0r9eY=
-12,3,oxfARjwLRlz+u9mo1skZHT4ofqg=,QzAjA/DaDoVzQE++AsrvysQkcZ4=
-15,0,oxfARjwLRlz+u9mo1skZHT4ofqg=,eszo/MqCmLG1lAAMpBvf2G0r9eY=
-14,2,oxfARjwLRlz+u9mo1skZHT4ofqg=,eszo/MqCmLG1lAAMpBvf2G0r9eY=
-13,1,oxfARjwLRlz+u9mo1skZHT4ofqg=,eszo/MqCmLG1lAAMpBvf2G0r9eY=
-16,1,oxfARjwLRlz+u9mo1skZHT4ofqg=,eszo/MqCmLG1lAAMpBvf2G0r9eY=
-12,1,oxfARjwLRlz+u9mo1skZHT4ofqg=,QzAjA/DaDoVzQE++AsrvysQkcZ4=
-14,0,oxfARjwLRlz+u9mo1skZHT4ofqg=,eszo/MqCmLG1lAAMpBvf2G0r9eY=
-15,1,oxfARjwLRlz+u9mo1skZHT4ofqg=,eszo/MqCmLG1lAAMpBvf2G0r9eY=
-13,0,oxfARjwLRlz+u9mo1skZHT4ofqg=,eszo/MqCmLG1lAAMpBvf2G0r9eY=
-16,11,oxfARjwLRlz+u9mo1skZHT4ofqg=,4LwYq5cFUWSg4kcvtJ3GA2MyJe0=
-16,13,oxfARjwLRlz+u9mo1skZHT4ofqg=,Bkbq6ZcLbkPcNHczk6fz56vRoyU=
-16,12,oxfARjwLRlz+u9mo1skZHT4ofqg=,Bkbq6ZcLbkPcNHczk6fz56vRoyU=
-16,14,oxfARjwLRlz+u9mo1skZHT4ofqg=,Bkbq6ZcLbkPcNHczk6fz56vRoyU=
-14,15,oxfARjwLRlz+u9mo1skZHT4ofqg=,Bkbq6ZcLbkPcNHczk6fz56vRoyU=
-15,15,oxfARjwLRlz+u9mo1skZHT4ofqg=,Bkbq6ZcLbkPcNHczk6fz56vRoyU=
-13,15,oxfARjwLRlz+u9mo1skZHT4ofqg=,Bkbq6ZcLbkPcNHczk6fz56vRoyU=
-9,15,oxfARjwLRlz+u9mo1skZHT4ofqg=,XRkd6GOR9qL7aMHdSIF57vFw4KI=
-10,15,oxfARjwLRlz+u9mo1skZHT4ofqg=,XRkd6GOR9qL7aMHdSIF57vFw4KI=
-11,15,oxfARjwLRlz+u9mo1skZHT4ofqg=,XRkd6GOR9qL7aMHdSIF57vFw4KI=
-1,0,oxfARjwLRlz+u9mo1skZHT4ofqg=,RVQ+cEu0SgjLxxPuwg4XPN2qsZ8=
-8,15,oxfARjwLRlz+u9mo1skZHT4ofqg=,XRkd6GOR9qL7aMHdSIF57vFw4KI=
-16,0,oxfARjwLRlz+u9mo1skZHT4ofqg=,eszo/MqCmLG1lAAMpBvf2G0r9eY=
-16,15,oxfARjwLRlz+u9mo1skZHT4ofqg=,Bkbq6ZcLbkPcNHczk6fz56vRoyU=
-12,15,oxfARjwLRlz+u9mo1skZHT4ofqg=,XRkd6GOR9qL7aMHdSIF57vFw4KI=
-1,15,oxfARjwLRlz+u9mo1skZHT4ofqg=,WkcAF4VTSA1K57bj9QrfJnmuZ1A=
