7,6,gK8QJ3wUd9i39h49/DhgbTjopM4=,HHMC2ei258L4YaqOmYGvmDCg4HA=
7,5,gK8QJ3wUd9i39h49/DhgbTjopM4=,HHMC2ei258L4YaqOmYGvmDCg4HA=
9,6,gK8QJ3wUd9i39h49/DhgbTjopM4=,as6jdS6Pev+kML4N3uHo2XxoVEg=
10,5,gK8QJ3wUd9i39h49/DhgbTjopM4=,as6jdS6Pev+kML4N3uHo2XxoVEg=
10,6,gK8QJ3wUd9i39h49/DhgbTjopM4=,as6jdS6Pev+kML4N3uHo2XxoVEg=
6,6,gK8QJ3wUd9i39h49/DhgbTjopM4=,HHMC2ei258L4YaqOmYGvmDCg4HA=
5,5,gK8QJ3wUd9i39h49/DhgbTjopM4=,HHMC2ei258L4YaqOmYGvmDCg4HA=
5,6,gK8QJ3wUd9i39h49/DhgbTjopM4=,HHMC2ei258L4YaqOmYGvmDCg4HA=
9,5,gK8QJ3wUd9i39h49/DhgbTjopM4=,as6jdS6Pev+kML4N3uHo2XxoVEg=
8,5,gK8QJ3wUd9i39h49/DhgbTjopM4=,as6jdS6Pev+kML4N3uHo2XxoVEg=
6,5,gK8QJ3wUd9i39h49/DhgbTjopM4=,HHMC2ei258L4YaqOmYGvmDCg4HA=
6,7,i1v+ykrWYn4Q7XxnzyJStnV0FT0=,HHMC2ei258L4YaqOmYGvmDCg4HA=
8,6,i1v+ykrWYn4Q7XxnzyJStnV0FT0=,as6jdS6Pev+kML4N3uHo2XxoVEg=
5,7,i1v+ykrWYn4Q7XxnzyJStnV0FT0=,HHMC2ei258L4YaqOmYGvmDCg4HA=
6,9,i1v+ykrWYn4Q7XxnzyJStnV0FT0=,46ntO2nfTAZCnOW/RWwNEF/h0T0=
5,9,i1v+ykrWYn4Q7XxnzyJStnV0FT0=,46ntO2nfTAZCnOW/RWwNEF/h0T0=
5,10,i1v+ykrWYn4Q7XxnzyJStnV0FT0=,46ntO2nfTAZCnOW/RWwNEF/h0T0=
5,8,i1v+ykrWYn4Q7XxnzyJStnV0FT0=,46ntO2nfTAZCnOW/RWwNEF/h0T0=
10,9,i1v+ykrWYn4Q7XxnzyJStnV0FT0=,pULCy5flhUOu2miJD5HjxCXmIMY=
7,7,i1v+ykrWYn4Q7XxnzyJStnV0FT0=,HHMC2ei258L4YaqOmYGvmDCg4HA=
7,9,i1v+ykrWYn4Q7XxnzyJStnV0FT0=,46ntO2nfTAZCnOW/RWwNEF/h0T0=
10,7,i1v+ykrWYn4Q7XxnzyJStnV0FT0=,as6jdS6Pev+kML4N3uHo2XxoVEg=
9,7,i1v+ykrWYn4Q7XxnzyJStnV0FT0=,as6jdS6Pev+kML4N3uHo2XxoVEg=
10,8,i1v+ykrWYn4Q7XxnzyJStnV0FT0=,pULCy5flhUOu2miJD5HjxCXmIMY=
8,7,i1v+ykrWYn4Q7XxnzyJStnV0FT0=,as6jdS6Pev+kML4N3uHo2XxoVEg=
7,10,i1v+ykrWYn4Q7XxnzyJStnV0FT0=,46ntO2nfTAZCnOW/RWwNEF/h0T0=
9,9,i1v+ykrWYn4Q7XxnzyJStnV0FT0=,pULCy5flhUOu2miJD5HjxCXmIMY=
9,10,i1v+ykrWYn4Q7XxnzyJStnV0FT0=,pULCy5flhUOu2miJD5HjxCXmIMY=
8,8,i1v+ykrWYn4Q7XxnzyJStnV0FT0=,pULCy5flhUOu2miJD5HjxCXmIMY=
8,10,i1v+ykrWYn4Q7XxnzyJStnV0FT0=,pULCy5flhUOu2miJD5HjxCXmIMY=
6,10,i1v+ykrWYn4Q7XxnzyJStnV0FT0=,46ntO2nfTAZCnOW/RWwNEF/h0T0=
8,9,i1v+ykrWYn4Q7XxnzyJStnV0FT0=,pULCy5flhUOu2miJD5HjxCXmIMY=
10,10,i1v+ykrWYn4Q7XxnzyJStnV0FT0=,pULCy5flhUOu2miJD5HjxCXmIMY=
6,8,i1v+ykrWYn4Q7XxnzyJStnV0FT0=,46ntO2nfTAZCnOW/RWwNEF/h0T0=
9,8,i1v+ykrWYn4Q7XxnzyJStnV0FT0=,pULCy5flhUOu2miJD5HjxCXmIMY=
7,8,i1v+ykrWYn4Q7XxnzyJStnV0FT0=,46ntO2nfTAZCnOW/RWwNEF/h0T0=
13,6,i1v+ykrWYn4Q7XxnzyJStnV0FT0=,as6jdS6Pev+kML4N3uHo2XxoVEg=
12,6,i1v+ykrWYn4Q7XxnzyJStnV0FT0=,as6jdS6Pev+kML4N3uHo2XxoVEg=
12,5,i1v+ykrWYn4Q7XxnzyJStnV0FT0=,as6jdS6Pev+kML4N3uHo2XxoVEg=
13,5,i1v+ykrWYn4Q7XxnzyJStnV0FT0=,as6jdS6Pev+kML4N3uHo2XxoVEg=
11,5,i1v+ykrWYn4Q7XxnzyJStnV0FT0=,as6jdS6Pev+kML4N3uHo2XxoVEg=
11,6,i1v+ykrWYn4Q7XxnzyJStnV0FT0=,as6jdS6Pev+kML4N3uHo2XxoVEg=
14,6,i1v+ykrWYn4Q7XxnzyJStnV0FT0=,as6jdS6Pev+kML4N3uHo2XxoVEg=
14,5,i1v+ykrWYn4Q7XxnzyJStnV0FT0=,as6jdS6Pev+kML4N3uHo2XxoVEg=
14,2,i1v+ykrWYn4Q7XxnzyJStnV0FT0=,as6jdS6Pev+kML4N3uHo2XxoVEg=
14,3,i1v+ykrWYn4Q7XxnzyJStnV0FT0=,as6jdS6Pev+kML4N3uHo2XxoVEg=
13,1,i1v+ykrWYn4Q7XxnzyJStnV0FT0=,as6jdS6Pev+kML4N3uHo2XxoVEg=
14,1,i1v+ykrWYn4Q7XxnzyJStnV0FT0=,as6jdS6Pev+kML4N3uHo2XxoVEg=
13,2,i1v+ykrWYn4Q7XxnzyJStnV0FT0=,as6jdS6Pev+kML4N3uHo2XxoVEg=
13,3,i1v+ykrWYn4Q7XxnzyJStnV0FT0=,as6jdS6Pev+kML4N3uHo2XxoVEg=
14,4,i1v+ykrWYn4Q7XxnzyJStnV0FT0=,as6jdS6Pev+kML4N3uHo2XxoVEg=
13,4,i1v+ykrWYn4Q7XxnzyJStnV0FT0=,as6jdS6Pev+kML4N3uHo2XxoVEg=
13,14,i1v+ykrWYn4Q7XxnzyJStnV0FT0=,PDbTy8I9LXhFllm6PVIMh/9jWbU=
14,14,i1v+ykrWYn4Q7XxnzyJStnV0FT0=,PDbTy8I9LXhFllm6PVIMh/9jWbU=
14,13,i1v+ykrWYn4Q7XxnzyJStnV0FT0=,PDbTy8I9LXhFllm6PVIMh/9jWbU=
13,13,i1v+ykrWYn4Q7XxnzyJStnV0FT0=,PDbTy8I9LXhFllm6PVIMh/9jWbU=
12,8,YJ2L9DkPHlgppJKA00do3YzBn4w=,7n0z+2ErldjQ6lAbocHIYL80o0o=
14,12,YJ2L9DkPHlgppJKA00do3YzBn4w=,PDbTy8I9LXhFllm6PVIMh/9jWbU=
11,9,YJ2L9DkPHlgppJKA00do3YzBn4w=,pULCy5flhUOu2miJD5HjxCXmIMY=
11,10,YJ2L9DkPHlgppJKA00do3YzBn4w=,pULCy5flhUOu2miJD5HjxCXmIMY=
11,7,YJ2L9DkPHlgppJKA00do3YzBn4w=,as6jdS6Pev+kML4N3uHo2XxoVEg=
13,12,YJ2L9DkPHlgppJKA00do3YzBn4w=,PDbTy8I9LXhFllm6PVIMh/9jWbU=
13,8,YJ2L9DkPHlgppJKA00do3YzBn4w=,7n0z+2ErldjQ6lAbocHIYL80o0o=
14,7,YJ2L9DkPHlgppJKA00do3YzBn4w=,as6jdS6Pev+kML4N3uHo2XxoVEg=
14,9,YJ2L9DkPHlgppJKA00do3YzBn4w=,7n0z+2ErldjQ6lAbocHIYL80o0o=
12,9,YJ2L9DkPHlgppJKA00do3YzBn4w=,7n0z+2ErldjQ6lAbocHIYL80o0o=
14,11,YJ2L9DkPHlgppJKA00do3YzBn4w=,7n0z+2ErldjQ6lAbocHIYL80o0o=
11,8,YJ2L9DkPHlgppJKA00do3YzBn4w=,pULCy5flhUOu2miJD5HjxCXmIMY=
12,7,YJ2L9DkPHlgppJKA00do3YzBn4w=,as6jdS6Pev+kML4N3uHo2XxoVEg=
14,8,YJ2L9DkPHlgppJKA00do3YzBn4w=,7n0z+2ErldjQ6lAbocHIYL80o0o=
13,11,YJ2L9DkPHlgppJKA00do3YzBn4w=,7n0z+2ErldjQ6lAbocHIYL80o0o=
12,10,YJ2L9DkPHlgppJKA00do3YzBn4w=,7n0z+2ErldjQ6lAbocHIYL80o0o=
13,9,YJ2L9DkPHlgppJKA00do3YzBn4w=,7n0z+2ErldjQ6lAbocHIYL80o0o=
14,10,YJ2L9DkPHlgppJKA00do3YzBn4w=,7n0z+2ErldjQ6lAbocHIYL80o0o=
13,7,YJ2L9DkPHlgppJKA00do3YzBn4w=,as6jdS6Pev+kML4N3uHo2XxoVEg=
13,10,YJ2L9DkPHlgppJKA00do3YzBn4w=,7n0z+2ErldjQ6lAbocHIYL80o0o=
12,2,YJ2L9DkPHlgppJKA00do3YzBn4w=,as6jdS6Pev+kML4N3uHo2XxoVEg=
9,1,YJ2L9DkPHlgppJKA00do3YzBn4w=,as6jdS6Pev+kML4N3uHo2XxoVEg=
12,1,YJ2L9DkPHlgppJKA00do3YzBn4w=,as6jdS6Pev+kML4N3uHo2XxoVEg=
10,3,YJ2L9DkPHlgppJKA00do3YzBn4w=,as6jdS6Pev+kML4N3uHo2XxoVEg=
11,4,YJ2L9DkPHlgppJKA00do3YzBn4w=,as6jdS6Pev+kML4N3uHo2XxoVEg=
9,3,YJ2L9DkPHlgppJKA00do3YzBn4w=,as6jdS6Pev+kML4N3uHo2XxoVEg=
10,1,YJ2L9DkPHlgppJKA00do3YzBn4w=,as6jdS6Pev+kML4N3uHo2XxoVEg=
11,1,YJ2L9DkPHlgppJKA00do3YzBn4w=,as6jdS6Pev+kML4N3uHo2XxoVEg=
10,4,YJ2L9DkPHlgppJKA00do3YzBn4w=,as6jdS6Pev+kML4N3uHo2XxoVEg=
11,2,YJ2L9DkPHlgppJKA00do3YzBn4w=,as6jdS6Pev+kML4N3uHo2XxoVEg=
9,2,YJ2L9DkPHlgppJKA00do3YzBn4w=,as6jdS6Pev+kML4N3uHo2XxoVEg=
12,3,YJ2L9DkPHlgppJKA00do3YzBn4w=,as6jdS6Pev+kML4N3uHo2XxoVEg=
9,4,YJ2L9DkPHlgppJKA00do3YzBn4w=,as6jdS6Pev+kML4N3uHo2XxoVEg=
11,3,YJ2L9DkPHlgppJKA00do3YzBn4w=,as6jdS6Pev+kML4N3uHo2XxoVEg=
12,4,YJ2L9DkPHlgppJKA00do3YzBn4w=,as6jdS6Pev+kML4N3uHo2XxoVEg=
10,2,YJ2L9DkPHlgppJKA00do3YzBn4w=,as6jdS6Pev+kML4N3uHo2XxoVEg=
10,13,YJ2L9DkPHlgppJKA00do3YzBn4w=,pULCy5flhUOu2miJD5HjxCXmIMY=
11,13,YJ2L9DkPHlgppJKA00do3YzBn4w=,pULCy5flhUOu2miJD5HjxCXmIMY=
11,14,YJ2L9DkPHlgppJKA00do3YzBn4w=,pULCy5flhUOu2miJD5HjxCXmIMY=
11,11,YJ2L9DkPHlgppJKA00do3YzBn4w=,pULCy5flhUOu2miJD5HjxCXmIMY=
9,13,YJ2L9DkPHlgppJKA00do3YzBn4w=,pULCy5flhUOu2miJD5HjxCXmIMY=
10,12,YJ2L9DkPHlgppJKA00do3YzBn4w=,pULCy5flhUOu2miJD5HjxCXmIMY=
11,12,YJ2L9DkPHlgppJKA00do3YzBn4w=,pULCy5flhUOu2miJD5HjxCXmIMY=
12,12,YJ2L9DkPHlgppJKA00do3YzBn4w=,PDbTy8I9LXhFllm6PVIMh/9jWbU=
10,14,YJ2L9DkPHlgppJKA00do3YzBn4w=,pULCy5flhUOu2miJD5HjxCXmIMY=
12,14,YJ2L9DkPHlgppJKA00do3YzBn4w=,PDbTy8I9LXhFllm6PVIMh/9jWbU=
12,13,YJ2L9DkPHlgppJKA00do3YzBn4w=,PDbTy8I9LXhFllm6PVIMh/9jWbU=
9,14,YJ2L9DkPHlgppJKA00do3YzBn4w=,pULCy5flhUOu2miJD5HjxCXmIMY=
10,11,YJ2L9DkPHlgppJKA00do3YzBn4w=,pULCy5flhUOu2miJD5HjxCXmIMY=
9,11,YJ2L9DkPHlgppJKA00do3YzBn4w=,pULCy5flhUOu2miJD5HjxCXmIMY=
8,2,YJ2L9DkPHlgppJKA00do3YzBn4w=,as6jdS6Pev+kML4N3uHo2XxoVEg=
8,3,YJ2L9DkPHlgppJKA00do3YzBn4w=,as6jdS6Pev+kML4N3uHo2XxoVEg=
7,3,YJ2L9DkPHlgppJKA00do3YzBn4w=,2JS5c+DuyxdxAbQlwpK0AkFYHvU=
8,1,YJ2L9DkPHlgppJKA00do3YzBn4w=,as6jdS6Pev+kML4N3uHo2XxoVEg=
6,3,YJ2L9DkPHlgppJKA00do3YzBn4w=,2JS5c+DuyxdxAbQlwpK0AkFYHvU=
5,2,YJ2L9DkPHlgppJKA00do3YzBn4w=,2JS5c+DuyxdxAbQlwpK0AkFYHvU=
7,2,YJ2L9DkPHlgppJKA00do3YzBn4w=,2JS5c+DuyxdxAbQlwpK0AkFYHvU=
12,11,YJ2L9DkPHlgppJKA00do3YzBn4w=,7n0z+2ErldjQ6lAbocHIYL80o0o=
6,4,YJ2L9DkPHlgppJKA00do3YzBn4w=,HHMC2ei258L4YaqOmYGvmDCg4HA=
5,4,YJ2L9DkPHlgppJKA00do3YzBn4w=,HHMC2ei258L4YaqOmYGvmDCg4HA=
8,4,YJ2L9DkPHlgppJKA00do3YzBn4w=,as6jdS6Pev+kML4N3uHo2XxoVEg=
6,2,YJ2L9DkPHlgppJKA00do3YzBn4w=,2JS5c+DuyxdxAbQlwpK0AkFYHvU=
7,4,YJ2L9DkPHlgppJKA00do3YzBn4w=,HHMC2ei258L4YaqOmYGvmDCg4HA=
9,12,YJ2L9DkPHlgppJKA00do3YzBn4w=,pULCy5flhUOu2miJD5HjxCXmIMY=
6,1,YJ2L9DkPHlgppJKA00do3YzBn4w=,2JS5c+DuyxdxAbQlwpK0AkFYHvU=
5,1,YJ2L9DkPHlgppJKA00do3YzBn4w=,2JS5c+DuyxdxAbQlwpK0AkFYHvU=
5,3,YJ2L9DkPHlgppJKA00do3YzBn4w=,2JS5c+DuyxdxAbQlwpK0AkFYHvU=
7,1,YJ2L9DkPHlgppJKA00do3YzBn4w=,2JS5c+DuyxdxAbQlwpK0AkFYHvU=
1,1,YJ2L9DkPHlgppJKA00do3YzBn4w=,RVQ+cEu0SgjLxxPuwg4XPN2qsZ8=
3,2,YJ2L9DkPHlgppJKA00do3YzBn4w=,RVQ+cEu0SgjLxxPuwg4XPN2qsZ8=
3,1,YJ2L9DkPHlgppJKA00do3YzBn4w=,RVQ+cEu0SgjLxxPuwg4XPN2qsZ8=
2,2,YJ2L9DkPHlgppJKA00do3YzBn4w=,RVQ+cEu0SgjLxxPuwg4XPN2qsZ8=
4,2,YJ2L9DkPHlgppJKA00do3YzBn4w=,2JS5c+DuyxdxAbQlwpK0AkFYHvU=
2,1,YJ2L9DkPHlgppJKA00do3YzBn4w=,RVQ+cEu0SgjLxxPuwg4XPN2qsZ8=
1,2,YJ2L9DkPHlgppJKA00do3YzBn4w=,RVQ+cEu0SgjLxxPuwg4XPN2qsZ8=
4,1,YJ2L9DkPHlgppJKA00do3YzBn4w=,2JS5c+DuyxdxAbQlwpK0AkFYHvU=
3,6,YJ2L9DkPHlgppJKA00do3YzBn4w=,2avsO/Oeatboo2Za7B3oi+ZQd88=
1,4,YJ2L9DkPHlgppJKA00do3YzBn4w=,2avsO/Oeatboo2Za7B3oi+ZQd88=
3,5,YJ2L9DkPHlgppJKA00do3YzBn4w=,2avsO/Oeatboo2Za7B3oi+ZQd88=
3,4,YJ2L9DkPHlgppJKA00do3YzBn4w=,2avsO/Oeatboo2Za7B3oi+ZQd88=
4,3,YJ2L9DkPHlgppJKA00do3YzBn4w=,2JS5c+DuyxdxAbQlwpK0AkFYHvU=
3,3,YJ2L9DkPHlgppJKA00do3YzBn4w=,RVQ+cEu0SgjLxxPuwg4XPN2qsZ8=
2,3,YJ2L9DkPHlgppJKA00do3YzBn4w=,RVQ+cEu0SgjLxxPuwg4XPN2qsZ8=
4,4,YJ2L9DkPHlgppJKA00do3YzBn4w=,HHMC2ei258L4YaqOmYGvmDCg4HA=
2,5,YJ2L9DkPHlgppJKA00do3YzBn4w=,2avsO/Oeatboo2Za7B3oi+ZQd88=
1,6,YJ2L9DkPHlgppJKA00do3YzBn4w=,2avsO/Oeatboo2Za7B3oi+ZQd88=
4,5,YJ2L9DkPHlgppJKA00do3YzBn4w=,HHMC2ei258L4YaqOmYGvmDCg4HA=
2,4,YJ2L9DkPHlgppJKA00do3YzBn4w=,2avsO/Oeatboo2Za7B3oi+ZQd88=
1,3,YJ2L9DkPHlgppJKA00do3YzBn4w=,RVQ+cEu0SgjLxxPuwg4XPN2qsZ8=
4,6,YJ2L9DkPHlgppJKA00do3YzBn4w=,HHMC2ei258L4YaqOmYGvmDCg4HA=
2,6,YJ2L9DkPHlgppJKA00do3YzBn4w=,2avsO/Oeatboo2Za7B3oi+ZQd88=
1,5,YJ2L9DkPHlgppJKA00do3YzBn4w=,2avsO/Oeatboo2Za7B3oi+ZQd88=
0,6,ayKO0IOgbsufiVsvUYIYybzM2Bw=,2avsO/Oeatboo2Za7B3oi+ZQd88=
0,5,ayKO0IOgbsufiVsvUYIYybzM2Bw=,2avsO/Oeatboo2Za7B3oi+ZQd88=
9,15,ayKO0IOgbsufiVsvUYIYybzM2Bw=,pULCy5flhUOu2miJD5HjxCXmIMY=
10,15,ayKO0IOgbsufiVsvUYIYybzM2Bw=,pULCy5flhUOu2miJD5HjxCXmIMY=
14,15,ayKO0IOgbsufiVsvUYIYybzM2Bw=,PDbTy8I9LXhFllm6PVIMh/9jWbU=
11,15,ayKO0IOgbsufiVsvUYIYybzM2Bw=,pULCy5flhUOu2miJD5HjxCXmIMY=
12,15,ayKO0IOgbsufiVsvUYIYybzM2Bw=,PDbTy8I9LXhFllm6PVIMh/9jWbU=
13,15,ayKO0IOgbsufiVsvUYIYybzM2Bw=,PDbTy8I9LXhFllm6PVIMh/9jWbU=
5,11,ayKO0IOgbsufiVsvUYIYybzM2Bw=,46ntO2nfTAZCnOW/RWwNEF/h0T0=
7,14,ayKO0IOgbsufiVsvUYIYybzM2Bw=,9dgJUQEJMTjuOTDRU/RbPHRkg60=
15,14,ayKO0IOgbsufiVsvUYIYybzM2Bw=,PDbTy8I9LXhFllm6PVIMh/9jWbU=
7,15,ayKO0IOgbsufiVsvUYIYybzM2Bw=,9dgJUQEJMTjuOTDRU/RbPHRkg60=
8,11,ayKO0IOgbsufiVsvUYIYybzM2Bw=,pULCy5flhUOu2miJD5HjxCXmIMY=
6,14,ayKO0IOgbsufiVsvUYIYybzM2Bw=,9dgJUQEJMTjuOTDRU/RbPHRkg60=
7,11,ayKO0IOgbsufiVsvUYIYybzM2Bw=,46ntO2nfTAZCnOW/RWwNEF/h0T0=
5,14,ayKO0IOgbsufiVsvUYIYybzM2Bw=,9dgJUQEJMTjuOTDRU/RbPHRkg60=
6,11,ayKO0IOgbsufiVsvUYIYybzM2Bw=,46ntO2nfTAZCnOW/RWwNEF/h0T0=
8,15,ayKO0IOgbsufiVsvUYIYybzM2Bw=,pULCy5flhUOu2miJD5HjxCXmIMY=
7,12,ayKO0IOgbsufiVsvUYIYybzM2Bw=,9dgJUQEJMTjuOTDRU/RbPHRkg60=
5,15,ayKO0IOgbsufiVsvUYIYybzM2Bw=,9dgJUQEJMTjuOTDRU/RbPHRkg60=
6,15,ayKO0IOgbsufiVsvUYIYybzM2Bw=,9dgJUQEJMTjuOTDRU/RbPHRkg60=
8,12,ayKO0IOgbsufiVsvUYIYybzM2Bw=,pULCy5flhUOu2miJD5HjxCXmIMY=
7,13,ayKO0IOgbsufiVsvUYIYybzM2Bw=,9dgJUQEJMTjuOTDRU/RbPHRkg60=
6,13,ayKO0IOgbsufiVsvUYIYybzM2Bw=,9dgJUQEJMTjuOTDRU/RbPHRkg60=
6,12,ayKO0IOgbsufiVsvUYIYybzM2Bw=,9dgJUQEJMTjuOTDRU/RbPHRkg60=
8,14,ayKO0IOgbsufiVsvUYIYybzM2Bw=,pULCy5flhUOu2miJD5HjxCXmIMY=
5,13,ayKO0IOgbsufiVsvUYIYybzM2Bw=,9dgJUQEJMTjuOTDRU/RbPHRkg60=
15,13,ayKO0IOgbsufiVsvUYIYybzM2Bw=,PDbTy8I9LXhFllm6PVIMh/9jWbU=
0,14,ayKO0IOgbsufiVsvUYIYybzM2Bw=,ilH9H5dO/o3KYUBg4lGKZWJcx7A=
4,14,ayKO0IOgbsufiVsvUYIYybzM2Bw=,9dgJUQEJMTjuOTDRU/RbPHRkg60=
3,13,ayKO0IOgbsufiVsvUYIYybzM2Bw=,ilH9H5dO/o3KYUBg4lGKZWJcx7A=
1,13,ayKO0IOgbsufiVsvUYIYybzM2Bw=,ilH9H5dO/o3KYUBg4lGKZWJcx7A=
3,14,ayKO0IOgbsufiVsvUYIYybzM2Bw=,ilH9H5dO/o3KYUBg4lGKZWJcx7A=
2,14,ayKO0IOgbsufiVsvUYIYybzM2Bw=,ilH9H5dO/o3KYUBg4lGKZWJcx7A=
5,12,ayKO0IOgbsufiVsvUYIYybzM2Bw=,9dgJUQEJMTjuOTDRU/RbPHRkg60=
4,13,ayKO0IOgbsufiVsvUYIYybzM2Bw=,9dgJUQEJMTjuOTDRU/RbPHRkg60=
8,13,ayKO0IOgbsufiVsvUYIYybzM2Bw=,pULCy5flhUOu2miJD5HjxCXmIMY=
1,15,ayKO0IOgbsufiVsvUYIYybzM2Bw=,ilH9H5dO/o3KYUBg4lGKZWJcx7A=
0,12,ayKO0IOgbsufiVsvUYIYybzM2Bw=,ilH9H5dO/o3KYUBg4lGKZWJcx7A=
3,10,ayKO0IOgbsufiVsvUYIYybzM2Bw=,Ho0I9hOiuQecZ6NA0q2LkKuhTy8=
4,15,ayKO0IOgbsufiVsvUYIYybzM2Bw=,9dgJUQEJMTjuOTDRU/RbPHRkg60=
2,15,ayKO0IOgbsufiVsvUYIYybzM2Bw=,ilH9H5dO/o3KYUBg4lGKZWJcx7A=
0,11,ayKO0IOgbsufiVsvUYIYybzM2Bw=,Ho0I9hOiuQecZ6NA0q2LkKuhTy8=
0,10,ayKO0IOgbsufiVsvUYIYybzM2Bw=,Ho0I9hOiuQecZ6NA0q2LkKuhTy8=
1,12,ayKO0IOgbsufiVsvUYIYybzM2Bw=,ilH9H5dO/o3KYUBg4lGKZWJcx7A=
2,13,ayKO0IOgbsufiVsvUYIYybzM2Bw=,ilH9H5dO/o3KYUBg4lGKZWJcx7A=
4,11,ayKO0IOgbsufiVsvUYIYybzM2Bw=,46ntO2nfTAZCnOW/RWwNEF/h0T0=
3,15,ayKO0IOgbsufiVsvUYIYybzM2Bw=,ilH9H5dO/o3KYUBg4lGKZWJcx7A=
3,11,ayKO0IOgbsufiVsvUYIYybzM2Bw=,Ho0I9hOiuQecZ6NA0q2LkKuhTy8=
2,10,ayKO0IOgbsufiVsvUYIYybzM2Bw=,Ho0I9hOiuQecZ6NA0q2LkKuhTy8=
1,8,ayKO0IOgbsufiVsvUYIYybzM2Bw=,Ho0I9hOiuQecZ6NA0q2LkKuhTy8=
3,12,ayKO0IOgbsufiVsvUYIYybzM2Bw=,ilH9H5dO/o3KYUBg4lGKZWJcx7A=
0,8,ayKO0IOgbsufiVsvUYIYybzM2Bw=,Ho0I9hOiuQecZ6NA0q2LkKuhTy8=
1,9,ayKO0IOgbsufiVsvUYIYybzM2Bw=,Ho0I9hOiuQecZ6NA0q2LkKuhTy8=
4,7,ayKO0IOgbsufiVsvUYIYybzM2Bw=,HHMC2ei258L4YaqOmYGvmDCg4HA=
0,7,ayKO0IOgbsufiVsvUYIYybzM2Bw=,2avsO/Oeatboo2Za7B3oi+ZQd88=
4,8,ayKO0IOgbsufiVsvUYIYybzM2Bw=,46ntO2nfTAZCnOW/RWwNEF/h0T0=
2,9,ayKO0IOgbsufiVsvUYIYybzM2Bw=,Ho0I9hOiuQecZ6NA0q2LkKuhTy8=
2,12,ayKO0IOgbsufiVsvUYIYybzM2Bw=,ilH9H5dO/o3KYUBg4lGKZWJcx7A=
1,11,ayKO0IOgbsufiVsvUYIYybzM2Bw=,Ho0I9hOiuQecZ6NA0q2LkKuhTy8=
3,7,ayKO0IOgbsufiVsvUYIYybzM2Bw=,2avsO/Oeatboo2Za7B3oi+ZQd88=
4,9,ayKO0IOgbsufiVsvUYIYybzM2Bw=,46ntO2nfTAZCnOW/RWwNEF/h0T0=
2,11,ayKO0IOgbsufiVsvUYIYybzM2Bw=,Ho0I9hOiuQecZ6NA0q2LkKuhTy8=
3,9,ayKO0IOgbsufiVsvUYIYybzM2Bw=,Ho0I9hOiuQecZ6NA0q2LkKuhTy8=
0,13,ayKO0IOgbsufiVsvUYIYybzM2Bw=,ilH9H5dO/o3KYUBg4lGKZWJcx7A=
4,10,ayKO0IOgbsufiVsvUYIYybzM2Bw=,46ntO2nfTAZCnOW/RWwNEF/h0T0=
1,10,ayKO0IOgbsufiVsvUYIYybzM2Bw=,Ho0I9hOiuQecZ6NA0q2LkKuhTy8=
2,8,ayKO0IOgbsufiVsvUYIYybzM2Bw=,Ho0I9hOiuQecZ6NA0q2LkKuhTy8=
4,12,ayKO0IOgbsufiVsvUYIYybzM2Bw=,9dgJUQEJMTjuOTDRU/RbPHRkg60=
1,14,ayKO0IOgbsufiVsvUYIYybzM2Bw=,ilH9H5dO/o3KYUBg4lGKZWJcx7A=
2,7,ayKO0IOgbsufiVsvUYIYybzM2Bw=,2avsO/Oeatboo2Za7B3oi+ZQd88=
0,9,ayKO0IOgbsufiVsvUYIYybzM2Bw=,Ho0I9hOiuQecZ6NA0q2LkKuhTy8=
3,8,ayKO0IOgbsufiVsvUYIYybzM2Bw=,Ho0I9hOiuQecZ6NA0q2LkKuhTy8=
1,7,ayKO0IOgbsufiVsvUYIYybzM2Bw=,2avsO/Oeatboo2Za7B3oi+ZQd88=
15,10,ayKO0IOgbsufiVsvUYIYybzM2Bw=,7n0z+2ErldjQ6lAbocHIYL80o0o=
15,11,ayKO0IOgbsufiVsvUYIYybzM2Bw=,7n0z+2ErldjQ6lAbocHIYL80o0o=
15,9,ayKO0IOgbsufiVsvUYIYybzM2Bw=,7n0z+2ErldjQ6lAbocHIYL80o0o=
15,12,ayKO0IOgbsufiVsvUYIYybzM2Bw=,PDbTy8I9LXhFllm6PVIMh/9jWbU=
15,5,ayKO0IOgbsufiVsvUYIYybzM2Bw=,as6jdS6Pev+kML4N3uHo2XxoVEg=
15,8,ayKO0IOgbsufiVsvUYIYybzM2Bw=,7n0z+2ErldjQ6lAbocHIYL80o0o=
15,7,ayKO0IOgbsufiVsvUYIYybzM2Bw=,as6jdS6Pev+kML4N3uHo2XxoVEg=
15,6,ayKO0IOgbsufiVsvUYIYybzM2Bw=,as6jdS6Pev+kML4N3uHo2XxoVEg=
10,0,ayKO0IOgbsufiVsvUYIYybzM2Bw=,as6jdS6Pev+kML4N3uHo2XxoVEg=
15,2,ayKO0IOgbsufiVsvUYIYybzM2Bw=,as6jdS6Pev+kML4N3uHo2XxoVEg=
15,3,ayKO0IOgbsufiVsvUYIYybzM2Bw=,as6jdS6Pev+kML4N3uHo2XxoVEg=
15,1,ayKO0IOgbsufiVsvUYIYybzM2Bw=,as6jdS6Pev+kML4N3uHo2XxoVEg=
9,0,ayKO0IOgbsufiVsvUYIYybzM2Bw=,as6jdS6Pev+kML4N3uHo2XxoVEg=
15,4,ayKO0IOgbsufiVsvUYIYybzM2Bw=,as6jdS6Pev+kML4N3uHo2XxoVEg=
12,0,ayKO0IOgbsufiVsvUYIYybzM2Bw=,as6jdS6Pev+kML4N3uHo2XxoVEg=
11,0,ayKO0IOgbsufiVsvUYIYybzM2Bw=,as6jdS6Pev+kML4N3uHo2XxoVEg=
14,0,ayKO0IOgbsufiVsvUYIYybzM2Bw=,as6jdS6Pev+kML4N3uHo2XxoVEg=
13,0,ayKO0IOgbsufiVsvUYIYybzM2Bw=,as6jdS6Pev+kML4N3uHo2XxoVEg=
3,0,ayKO0IOgbsufiVsvUYIYybzM2Bw=,RVQ+cEu0SgjLxxPuwg4XPN2qsZ8=
2,0,ayKO0IOgbsufiVsvUYIYybzM2Bw=,RVQ+cEu0SgjLxxPuwg4XPN2qsZ8=
4,0,ayKO0IOgbsufiVsvUYIYybzM2Bw=,2JS5c+DuyxdxAbQlwpK0AkFYHvU=
7,0,ayKO0IOgbsufiVsvUYIYybzM2Bw=,2JS5c+DuyxdxAbQlwpK0AkFYHvU=
0,0,ayKO0IOgbsufiVsvUYIYybzM2Bw=,RVQ+cEu0SgjLxxPuwg4XPN2qsZ8=
8,0,ayKO0IOgbsufiVsvUYIYybzM2Bw=,as6jdS6Pev+kML4N3uHo2XxoVEg=
5,0,ayKO0IOgbsufiVsvUYIYybzM2Bw=,2JS5c+DuyxdxAbQlwpK0AkFYHvU=
15,0,ayKO0IOgbsufiVsvUYIYybzM2Bw=,as6jdS6Pev+kML4N3uHo2XxoVEg=
0,2,ayKO0IOgbsufiVsvUYIYybzM2Bw=,RVQ+cEu0SgjLxxPuwg4XPN2qsZ8=
6,0,ayKO0IOgbsufiVsvUYIYybzM2Bw=,2JS5c+DuyxdxAbQlwpK0AkFYHvU=
1,0,ayKO0IOgbsufiVsvUYIYybzM2Bw=,RVQ+cEu0SgjLxxPuwg4XPN2qsZ8=
0,3,ayKO0IOgbsufiVsvUYIYybzM2Bw=,RVQ+cEu0SgjLxxPuwg4XPN2qsZ8=
0,4,ayKO0IOgbsufiVsvUYIYybzM2Bw=,2avsO/Oeatboo2Za7B3oi+ZQd88=
0,1,ayKO0IOgbsufiVsvUYIYybzM2Bw=,RVQ+cEu0SgjLxxPuwg4XPN2qsZ8=
15,15,ayKO0IOgbsufiVsvUYIYybzM2Bw=,PDbTy8I9LXhFllm6PVIMh/9jWbU=
0,15,ayKO0IOgbsufiVsvUYIYybzM2Bw=,ilH9H5dO/o3KYUBg4lGKZWJcx7A=
10,22,MWFC+jtra3Yq4gaMp0wniIshawA=,tkEO3P3FirTNK4hHekWQesEGjnU=
10,21,MWFC+jtra3Yq4gaMp0wniIshawA=,tkEO3P3FirTNK4hHekWQesEGjnU=
9,21,MWFC+jtra3Yq4gaMp0wniIshawA=,tkEO3P3FirTNK4hHekWQesEGjnU=
9,22,MWFC+jtra3Yq4gaMp0wniIshawA=,tkEO3P3FirTNK4hHekWQesEGjnU=
9,20,MWFC+jtra3Yq4gaMp0wniIshawA=,tkEO3P3FirTNK4hHekWQesEGjnU=
9,19,MWFC+jtra3Yq4gaMp0wniIshawA=,jqeMJIdKmwSSisyBjDtEc304jX0=
10,19,MWFC+jtra3Yq4gaMp0wniIshawA=,jqeMJIdKmwSSisyBjDtEc304jX0=
10,18,MWFC+jtra3Yq4gaMp0wniIshawA=,jqeMJIdKmwSSisyBjDtEc304jX0=
9,17,MWFC+jtra3Yq4gaMp0wniIshawA=,jqeMJIdKmwSSisyBjDtEc304jX0=
9,18,MWFC+jtra3Yq4gaMp0wniIshawA=,jqeMJIdKmwSSisyBjDtEc304jX0=
10,20,MWFC+jtra3Yq4gaMp0wniIshawA=,tkEO3P3FirTNK4hHekWQesEGjnU=
10,17,MWFC+jtra3Yq4gaMp0wniIshawA=,jqeMJIdKmwSSisyBjDtEc304jX0=
11,22,MWFC+jtra3Yq4gaMp0wniIshawA=,tkEO3P3FirTNK4hHekWQesEGjnU=
11,21,MWFC+jtra3Yq4gaMp0wniIshawA=,tkEO3P3FirTNK4hHekWQesEGjnU=
14,22,MWFC+jtra3Yq4gaMp0wniIshawA=,7mtYWZKagNQ3gHb1l7j6ksw+GLk=
13,22,MWFC+jtra3Yq4gaMp0wniIshawA=,7mtYWZKagNQ3gHb1l7j6ksw+GLk=
12,22,MWFC+jtra3Yq4gaMp0wniIshawA=,7mtYWZKagNQ3gHb1l7j6ksw+GLk=
14,21,MWFC+jtra3Yq4gaMp0wniIshawA=,7mtYWZKagNQ3gHb1l7j6ksw+GLk=
12,21,MWFC+jtra3Yq4gaMp0wniIshawA=,7mtYWZKagNQ3gHb1l7j6ksw+GLk=
13,21,MWFC+jtra3Yq4gaMp0wniIshawA=,7mtYWZKagNQ3gHb1l7j6ksw+GLk=
11,19,MWFC+jtra3Yq4gaMp0wniIshawA=,jqeMJIdKmwSSisyBjDtEc304jX0=
14,18,MWFC+jtra3Yq4gaMp0wniIshawA=,anNNJjxptP+Bc8Y8yDErupgEodU=
12,20,MWFC+jtra3Yq4gaMp0wniIshawA=,7mtYWZKagNQ3gHb1l7j6ksw+GLk=
12,18,MWFC+jtra3Yq4gaMp0wniIshawA=,anNNJjxptP+Bc8Y8yDErupgEodU=
11,18,MWFC+jtra3Yq4gaMp0wniIshawA=,jqeMJIdKmwSSisyBjDtEc304jX0=
14,17,MWFC+jtra3Yq4gaMp0wniIshawA=,anNNJjxptP+Bc8Y8yDErupgEodU=
11,17,MWFC+jtra3Yq4gaMp0wniIshawA=,jqeMJIdKmwSSisyBjDtEc304jX0=
13,17,MWFC+jtra3Yq4gaMp0wniIshawA=,anNNJjxptP+Bc8Y8yDErupgEodU=
11,20,MWFC+jtra3Yq4gaMp0wniIshawA=,tkEO3P3FirTNK4hHekWQesEGjnU=
13,19,MWFC+jtra3Yq4gaMp0wniIshawA=,anNNJjxptP+Bc8Y8yDErupgEodU=
12,17,MWFC+jtra3Yq4gaMp0wniIshawA=,anNNJjxptP+Bc8Y8yDErupgEodU=
14,19,MWFC+jtra3Yq4gaMp0wniIshawA=,anNNJjxptP+Bc8Y8yDErupgEodU=
13,20,MWFC+jtra3Yq4gaMp0wniIshawA=,7mtYWZKagNQ3gHb1l7j6ksw+GLk=
14,20,MWFC+jtra3Yq4gaMp0wniIshawA=,7mtYWZKagNQ3gHb1l7j6ksw+GLk=
13,18,MWFC+jtra3Yq4gaMp0wniIshawA=,anNNJjxptP+Bc8Y8yDErupgEodU=
12,19,MWFC+jtra3Yq4gaMp0wniIshawA=,anNNJjxptP+Bc8Y8yDErupgEodU=
7,22,MWFC+jtra3Yq4gaMp0wniIshawA=,Ho0I9hOiuQecZ6NA0q2LkKuhTy8=
7,21,MWFC+jtra3Yq4gaMp0wniIshawA=,Ho0I9hOiuQecZ6NA0q2LkKuhTy8=
6,22,MWFC+jtra3Yq4gaMp0wniIshawA=,Ho0I9hOiuQecZ6NA0q2LkKuhTy8=
8,21,MWFC+jtra3Yq4gaMp0wniIshawA=,tkEO3P3FirTNK4hHekWQesEGjnU=
5,22,MWFC+jtra3Yq4gaMp0wniIshawA=,Ho0I9hOiuQecZ6NA0q2LkKuhTy8=
6,21,MWFC+jtra3Yq4gaMp0wniIshawA=,Ho0I9hOiuQecZ6NA0q2LkKuhTy8=
5,21,MWFC+jtra3Yq4gaMp0wniIshawA=,Ho0I9hOiuQecZ6NA0q2LkKuhTy8=
8,22,MWFC+jtra3Yq4gaMp0wniIshawA=,tkEO3P3FirTNK4hHekWQesEGjnU=
7,17,KfZUv0OK21tKsKj4kmj8jIyHlyM=,SA7gqjLuD193j4QN/yzmOmRzRys=
5,17,KfZUv0OK21tKsKj4kmj8jIyHlyM=,SA7gqjLuD193j4QN/yzmOmRzRys=
8,19,KfZUv0OK21tKsKj4kmj8jIyHlyM=,jqeMJIdKmwSSisyBjDtEc304jX0=
6,17,KfZUv0OK21tKsKj4kmj8jIyHlyM=,SA7gqjLuD193j4QN/yzmOmRzRys=
7,19,KfZUv0OK21tKsKj4kmj8jIyHlyM=,SA7gqjLuD193j4QN/yzmOmRzRys=
6,19,KfZUv0OK21tKsKj4kmj8jIyHlyM=,SA7gqjLuD193j4QN/yzmOmRzRys=
8,18,KfZUv0OK21tKsKj4kmj8jIyHlyM=,jqeMJIdKmwSSisyBjDtEc304jX0=
5,20,KfZUv0OK21tKsKj4kmj8jIyHlyM=,Ho0I9hOiuQecZ6NA0q2LkKuhTy8=
5,19,KfZUv0OK21tKsKj4kmj8jIyHlyM=,SA7gqjLuD193j4QN/yzmOmRzRys=
8,17,KfZUv0OK21tKsKj4kmj8jIyHlyM=,jqeMJIdKmwSSisyBjDtEc304jX0=
6,18,KfZUv0OK21tKsKj4kmj8jIyHlyM=,SA7gqjLuD193j4QN/yzmOmRzRys=
6,20,KfZUv0OK21tKsKj4kmj8jIyHlyM=,Ho0I9hOiuQecZ6NA0q2LkKuhTy8=
7,18,KfZUv0OK21tKsKj4kmj8jIyHlyM=,SA7gqjLuD193j4QN/yzmOmRzRys=
1,21,KfZUv0OK21tKsKj4kmj8jIyHlyM=,9dgJUQEJMTjuOTDRU/RbPHRkg60=
1,22,KfZUv0OK21tKsKj4kmj8jIyHlyM=,9dgJUQEJMTjuOTDRU/RbPHRkg60=
3,21,KfZUv0OK21tKsKj4kmj8jIyHlyM=,9dgJUQEJMTjuOTDRU/RbPHRkg60=
3,22,KfZUv0OK21tKsKj4kmj8jIyHlyM=,9dgJUQEJMTjuOTDRU/RbPHRkg60=
4,22,KfZUv0OK21tKsKj4kmj8jIyHlyM=,Ho0I9hOiuQecZ6NA0q2LkKuhTy8=
2,22,KfZUv0OK21tKsKj4kmj8jIyHlyM=,9dgJUQEJMTjuOTDRU/RbPHRkg60=
2,21,KfZUv0OK21tKsKj4kmj8jIyHlyM=,9dgJUQEJMTjuOTDRU/RbPHRkg60=
4,21,KfZUv0OK21tKsKj4kmj8jIyHlyM=,Ho0I9hOiuQecZ6NA0q2LkKuhTy8=
8,20,KfZUv0OK21tKsKj4kmj8jIyHlyM=,tkEO3P3FirTNK4hHekWQesEGjnU=
5,18,KfZUv0OK21tKsKj4kmj8jIyHlyM=,SA7gqjLuD193j4QN/yzmOmRzRys=
3,20,KfZUv0OK21tKsKj4kmj8jIyHlyM=,9dgJUQEJMTjuOTDRU/RbPHRkg60=
3,19,KfZUv0OK21tKsKj4kmj8jIyHlyM=,KgXtqbFb+gENuhpj3n4402zKqRY=
2,18,KfZUv0OK21tKsKj4kmj8jIyHlyM=,KgXtqbFb+gENuhpj3n4402zKqRY=
1,18,KfZUv0OK21tKsKj4kmj8jIyHlyM=,KgXtqbFb+gENuhpj3n4402zKqRY=
2,17,KfZUv0OK21tKsKj4kmj8jIyHlyM=,KgXtqbFb+gENuhpj3n4402zKqRY=
1,19,KfZUv0OK21tKsKj4kmj8jIyHlyM=,KgXtqbFb+gENuhpj3n4402zKqRY=
4,20,KfZUv0OK21tKsKj4kmj8jIyHlyM=,Ho0I9hOiuQecZ6NA0q2LkKuhTy8=
3,18,KfZUv0OK21tKsKj4kmj8jIyHlyM=,KgXtqbFb+gENuhpj3n4402zKqRY=
2,19,KfZUv0OK21tKsKj4kmj8jIyHlyM=,KgXtqbFb+gENuhpj3n4402zKqRY=
4,18,KfZUv0OK21tKsKj4kmj8jIyHlyM=,SA7gqjLuD193j4QN/yzmOmRzRys=
2,20,KfZUv0OK21tKsKj4kmj8jIyHlyM=,9dgJUQEJMTjuOTDRU/RbPHRkg60=
1,17,KfZUv0OK21tKsKj4kmj8jIyHlyM=,KgXtqbFb+gENuhpj3n4402zKqRY=
3,17,KfZUv0OK21tKsKj4kmj8jIyHlyM=,KgXtqbFb+gENuhpj3n4402zKqRY=
4,19,KfZUv0OK21tKsKj4kmj8jIyHlyM=,SA7gqjLuD193j4QN/yzmOmRzRys=
1,20,KfZUv0OK21tKsKj4kmj8jIyHlyM=,9dgJUQEJMTjuOTDRU/RbPHRkg60=
4,17,KfZUv0OK21tKsKj4kmj8jIyHlyM=,SA7gqjLuD193j4QN/yzmOmRzRys=
7,20,KfZUv0OK21tKsKj4kmj8jIyHlyM=,Ho0I9hOiuQecZ6NA0q2LkKuhTy8=
6,24,KfZUv0OK21tKsKj4kmj8jIyHlyM=,1OsDcWdQHdqrCO+Dj+BNadx9sBo=
6,23,KfZUv0OK21tKsKj4kmj8jIyHlyM=,Ho0I9hOiuQecZ6NA0q2LkKuhTy8=
5,25,KfZUv0OK21tKsKj4kmj8jIyHlyM=,1OsDcWdQHdqrCO+Dj+BNadx9sBo=
5,23,KfZUv0OK21tKsKj4kmj8jIyHlyM=,Ho0I9hOiuQecZ6NA0q2LkKuhTy8=
6,26,KfZUv0OK21tKsKj4kmj8jIyHlyM=,1OsDcWdQHdqrCO+Dj+BNadx9sBo=
6,25,KfZUv0OK21tKsKj4kmj8jIyHlyM=,1OsDcWdQHdqrCO+Dj+BNadx9sBo=
5,26,KfZUv0OK21tKsKj4kmj8jIyHlyM=,1OsDcWdQHdqrCO+Dj+BNadx9sBo=
5,24,KfZUv0OK21tKsKj4kmj8jIyHlyM=,1OsDcWdQHdqrCO+Dj+BNadx9sBo=
5,27,KfZUv0OK21tKsKj4kmj8jIyHlyM=,1OsDcWdQHdqrCO+Dj+BNadx9sBo=
6,27,KfZUv0OK21tKsKj4kmj8jIyHlyM=,1OsDcWdQHdqrCO+Dj+BNadx9sBo=
5,28,KfZUv0OK21tKsKj4kmj8jIyHlyM=,jChl0iVCXntZ7Tk7UFSx/DV5ym8=
5,30,KfZUv0OK21tKsKj4kmj8jIyHlyM=,jChl0iVCXntZ7Tk7UFSx/DV5ym8=
6,29,KfZUv0OK21tKsKj4kmj8jIyHlyM=,jChl0iVCXntZ7Tk7UFSx/DV5ym8=
5,29,KfZUv0OK21tKsKj4kmj8jIyHlyM=,jChl0iVCXntZ7Tk7UFSx/DV5ym8=
6,30,KfZUv0OK21tKsKj4kmj8jIyHlyM=,jChl0iVCXntZ7Tk7UFSx/DV5ym8=
6,28,KfZUv0OK21tKsKj4kmj8jIyHlyM=,jChl0iVCXntZ7Tk7UFSx/DV5ym8=
1,29,KfZUv0OK21tKsKj4kmj8jIyHlyM=,Nn5kg5APE8QpVmBiNA77VQcefIM=
3,30,KfZUv0OK21tKsKj4kmj8jIyHlyM=,Nn5kg5APE8QpVmBiNA77VQcefIM=
3,29,KfZUv0OK21tKsKj4kmj8jIyHlyM=,Nn5kg5APE8QpVmBiNA77VQcefIM=
4,30,KfZUv0OK21tKsKj4kmj8jIyHlyM=,jChl0iVCXntZ7Tk7UFSx/DV5ym8=
1,30,KfZUv0OK21tKsKj4kmj8jIyHlyM=,Nn5kg5APE8QpVmBiNA77VQcefIM=
2,30,KfZUv0OK21tKsKj4kmj8jIyHlyM=,Nn5kg5APE8QpVmBiNA77VQcefIM=
2,29,KfZUv0OK21tKsKj4kmj8jIyHlyM=,Nn5kg5APE8QpVmBiNA77VQcefIM=
4,29,KfZUv0OK21tKsKj4kmj8jIyHlyM=,jChl0iVCXntZ7Tk7UFSx/DV5ym8=
1,23,cVydbtK+fKkhpfDKs/5KawXilqg=,9dgJUQEJMTjuOTDRU/RbPHRkg60=
1,24,cVydbtK+fKkhpfDKs/5KawXilqg=,NOwX7pJGhxKAs/LB9wDI2RHZ4mA=
3,27,cVydbtK+fKkhpfDKs/5KawXilqg=,NOwX7pJGhxKAs/LB9wDI2RHZ4mA=
3,24,cVydbtK+fKkhpfDKs/5KawXilqg=,NOwX7pJGhxKAs/LB9wDI2RHZ4mA=
4,28,cVydbtK+fKkhpfDKs/5KawXilqg=,jChl0iVCXntZ7Tk7UFSx/DV5ym8=
3,26,cVydbtK+fKkhpfDKs/5KawXilqg=,NOwX7pJGhxKAs/LB9wDI2RHZ4mA=
3,23,cVydbtK+fKkhpfDKs/5KawXilqg=,9dgJUQEJMTjuOTDRU/RbPHRkg60=
4,23,cVydbtK+fKkhpfDKs/5KawXilqg=,Ho0I9hOiuQecZ6NA0q2LkKuhTy8=
3,28,cVydbtK+fKkhpfDKs/5KawXilqg=,Nn5kg5APE8QpVmBiNA77VQcefIM=
3,25,cVydbtK+fKkhpfDKs/5KawXilqg=,NOwX7pJGhxKAs/LB9wDI2RHZ4mA=
2,23,cVydbtK+fKkhpfDKs/5KawXilqg=,9dgJUQEJMTjuOTDRU/RbPHRkg60=
4,24,cVydbtK+fKkhpfDKs/5KawXilqg=,1OsDcWdQHdqrCO+Dj+BNadx9sBo=
4,26,cVydbtK+fKkhpfDKs/5KawXilqg=,1OsDcWdQHdqrCO+Dj+BNadx9sBo=
4,27,cVydbtK+fKkhpfDKs/5KawXilqg=,1OsDcWdQHdqrCO+Dj+BNadx9sBo=
2,25,cVydbtK+fKkhpfDKs/5KawXilqg=,NOwX7pJGhxKAs/LB9wDI2RHZ4mA=
2,27,cVydbtK+fKkhpfDKs/5KawXilqg=,NOwX7pJGhxKAs/LB9wDI2RHZ4mA=
1,28,cVydbtK+fKkhpfDKs/5KawXilqg=,Nn5kg5APE8QpVmBiNA77VQcefIM=
2,28,cVydbtK+fKkhpfDKs/5KawXilqg=,Nn5kg5APE8QpVmBiNA77VQcefIM=
1,26,cVydbtK+fKkhpfDKs/5KawXilqg=,NOwX7pJGhxKAs/LB9wDI2RHZ4mA=
2,24,cVydbtK+fKkhpfDKs/5KawXilqg=,NOwX7pJGhxKAs/LB9wDI2RHZ4mA=
1,27,cVydbtK+fKkhpfDKs/5KawXilqg=,NOwX7pJGhxKAs/LB9wDI2RHZ4mA=
4,25,cVydbtK+fKkhpfDKs/5KawXilqg=,1OsDcWdQHdqrCO+Dj+BNadx9sBo=
2,26,cVydbtK+fKkhpfDKs/5KawXilqg=,NOwX7pJGhxKAs/LB9wDI2RHZ4mA=
10,24,cVydbtK+fKkhpfDKs/5KawXilqg=,Q65ZDYLQUQjUgdzQvkERLXsfo1g=
8,23,cVydbtK+fKkhpfDKs/5KawXilqg=,tkEO3P3FirTNK4hHekWQesEGjnU=
9,24,cVydbtK+fKkhpfDKs/5KawXilqg=,Q65ZDYLQUQjUgdzQvkERLXsfo1g=
9,23,cVydbtK+fKkhpfDKs/5KawXilqg=,tkEO3P3FirTNK4hHekWQesEGjnU=
9,26,cVydbtK+fKkhpfDKs/5KawXilqg=,Q65ZDYLQUQjUgdzQvkERLXsfo1g=
8,24,cVydbtK+fKkhpfDKs/5KawXilqg=,Q65ZDYLQUQjUgdzQvkERLXsfo1g=
10,25,cVydbtK+fKkhpfDKs/5KawXilqg=,Q65ZDYLQUQjUgdzQvkERLXsfo1g=
1,25,cVydbtK+fKkhpfDKs/5KawXilqg=,NOwX7pJGhxKAs/LB9wDI2RHZ4mA=
7,26,cVydbtK+fKkhpfDKs/5KawXilqg=,1OsDcWdQHdqrCO+Dj+BNadx9sBo=
7,24,cVydbtK+fKkhpfDKs/5KawXilqg=,1OsDcWdQHdqrCO+Dj+BNadx9sBo=
10,26,cVydbtK+fKkhpfDKs/5KawXilqg=,Q65ZDYLQUQjUgdzQvkERLXsfo1g=
7,23,cVydbtK+fKkhpfDKs/5KawXilqg=,Ho0I9hOiuQecZ6NA0q2LkKuhTy8=
10,23,cVydbtK+fKkhpfDKs/5KawXilqg=,tkEO3P3FirTNK4hHekWQesEGjnU=
9,25,cVydbtK+fKkhpfDKs/5KawXilqg=,Q65ZDYLQUQjUgdzQvkERLXsfo1g=
8,26,cVydbtK+fKkhpfDKs/5KawXilqg=,Q65ZDYLQUQjUgdzQvkERLXsfo1g=
7,25,cVydbtK+fKkhpfDKs/5KawXilqg=,1OsDcWdQHdqrCO+Dj+BNadx9sBo=
8,25,cVydbtK+fKkhpfDKs/5KawXilqg=,Q65ZDYLQUQjUgdzQvkERLXsfo1g=
15,22,cVydbtK+fKkhpfDKs/5KawXilqg=,7mtYWZKagNQ3gHb1l7j6ksw+GLk=
15,21,cVydbtK+fKkhpfDKs/5KawXilqg=,7mtYWZKagNQ3gHb1l7j6ksw+GLk=
10,30,cVydbtK+fKkhpfDKs/5KawXilqg=,MuDOvF6UjTrIgb/OY+a2l/fXQes=
10,27,cVydbtK+fKkhpfDKs/5KawXilqg=,Q65ZDYLQUQjUgdzQvkERLXsfo1g=
8,30,cVydbtK+fKkhpfDKs/5KawXilqg=,MuDOvF6UjTrIgb/OY+a2l/fXQes=
10,29,cVydbtK+fKkhpfDKs/5KawXilqg=,MuDOvF6UjTrIgb/OY+a2l/fXQes=
9,27,cVydbtK+fKkhpfDKs/5KawXilqg=,Q65ZDYLQUQjUgdzQvkERLXsfo1g=
9,30,cVydbtK+fKkhpfDKs/5KawXilqg=,MuDOvF6UjTrIgb/OY+a2l/fXQes=
7,29,cVydbtK+fKkhpfDKs/5KawXilqg=,jChl0iVCXntZ7Tk7UFSx/DV5ym8=
8,27,cVydbtK+fKkhpfDKs/5KawXilqg=,Q65ZDYLQUQjUgdzQvkERLXsfo1g=
7,30,cVydbtK+fKkhpfDKs/5KawXilqg=,jChl0iVCXntZ7Tk7UFSx/DV5ym8=
9,28,cVydbtK+fKkhpfDKs/5KawXilqg=,MuDOvF6UjTrIgb/OY+a2l/fXQes=
9,29,cVydbtK+fKkhpfDKs/5KawXilqg=,MuDOvF6UjTrIgb/OY+a2l/fXQes=
10,28,cVydbtK+fKkhpfDKs/5KawXilqg=,MuDOvF6UjTrIgb/OY+a2l/fXQes=
7,28,cVydbtK+fKkhpfDKs/5KawXilqg=,jChl0iVCXntZ7Tk7UFSx/DV5ym8=
8,28,cVydbtK+fKkhpfDKs/5KawXilqg=,MuDOvF6UjTrIgb/OY+a2l/fXQes=
15,19,cVydbtK+fKkhpfDKs/5KawXilqg=,anNNJjxptP+Bc8Y8yDErupgEodU=
15,17,cVydbtK+fKkhpfDKs/5KawXilqg=,anNNJjxptP+Bc8Y8yDErupgEodU=
7,27,cVydbtK+fKkhpfDKs/5KawXilqg=,1OsDcWdQHdqrCO+Dj+BNadx9sBo=
15,18,cVydbtK+fKkhpfDKs/5KawXilqg=,anNNJjxptP+Bc8Y8yDErupgEodU=
15,20,cVydbtK+fKkhpfDKs/5KawXilqg=,7mtYWZKagNQ3gHb1l7j6ksw+GLk=
8,29,cVydbtK+fKkhpfDKs/5KawXilqg=,MuDOvF6UjTrIgb/OY+a2l/fXQes=
14,16,cVydbtK+fKkhpfDKs/5KawXilqg=,anNNJjxptP+Bc8Y8yDErupgEodU=
12,16,cVydbtK+fKkhpfDKs/5KawXilqg=,anNNJjxptP+Bc8Y8yDErupgEodU=
10,16,cVydbtK+fKkhpfDKs/5KawXilqg=,jqeMJIdKmwSSisyBjDtEc304jX0=
11,16,cVydbtK+fKkhpfDKs/5KawXilqg=,jqeMJIdKmwSSisyBjDtEc304jX0=
13,16,cVydbtK+fKkhpfDKs/5KawXilqg=,anNNJjxptP+Bc8Y8yDErupgEodU=
9,16,cVydbtK+fKkhpfDKs/5KawXilqg=,jqeMJIdKmwSSisyBjDtEc304jX0=
12,23,cVydbtK+fKkhpfDKs/5KawXilqg=,7mtYWZKagNQ3gHb1l7j6ksw+GLk=
11,24,cVydbtK+fKkhpfDKs/5KawXilqg=,Q65ZDYLQUQjUgdzQvkERLXsfo1g=
11,26,cVydbtK+fKkhpfDKs/5KawXilqg=,Q65ZDYLQUQjUgdzQvkERLXsfo1g=
11,23,cVydbtK+fKkhpfDKs/5KawXilqg=,tkEO3P3FirTNK4hHekWQesEGjnU=
14,26,cVydbtK+fKkhpfDKs/5KawXilqg=,mFL55UvxHcqDEIADHnBv7LQUTnk=
12,25,cVydbtK+fKkhpfDKs/5KawXilqg=,mFL55UvxHcqDEIADHnBv7LQUTnk=
13,26,cVydbtK+fKkhpfDKs/5KawXilqg=,mFL55UvxHcqDEIADHnBv7LQUTnk=
14,24,cVydbtK+fKkhpfDKs/5KawXilqg=,mFL55UvxHcqDEIADHnBv7LQUTnk=
12,24,cVydbtK+fKkhpfDKs/5KawXilqg=,mFL55UvxHcqDEIADHnBv7LQUTnk=
14,23,cVydbtK+fKkhpfDKs/5KawXilqg=,7mtYWZKagNQ3gHb1l7j6ksw+GLk=
13,23,cVydbtK+fKkhpfDKs/5KawXilqg=,7mtYWZKagNQ3gHb1l7j6ksw+GLk=
15,25,cVydbtK+fKkhpfDKs/5KawXilqg=,mFL55UvxHcqDEIADHnBv7LQUTnk=
8,16,cVydbtK+fKkhpfDKs/5KawXilqg=,jqeMJIdKmwSSisyBjDtEc304jX0=
7,16,cVydbtK+fKkhpfDKs/5KawXilqg=,SA7gqjLuD193j4QN/yzmOmRzRys=
6,16,cVydbtK+fKkhpfDKs/5KawXilqg=,SA7gqjLuD193j4QN/yzmOmRzRys=
5,16,cVydbtK+fKkhpfDKs/5KawXilqg=,SA7gqjLuD193j4QN/yzmOmRzRys=
15,26,cVydbtK+fKkhpfDKs/5KawXilqg=,mFL55UvxHcqDEIADHnBv7LQUTnk=
11,30,cVydbtK+fKkhpfDKs/5KawXilqg=,MuDOvF6UjTrIgb/OY+a2l/fXQes=
3,16,cVydbtK+fKkhpfDKs/5KawXilqg=,KgXtqbFb+gENuhpj3n4402zKqRY=
4,16,cVydbtK+fKkhpfDKs/5KawXilqg=,SA7gqjLuD193j4QN/yzmOmRzRys=
2,16,cVydbtK+fKkhpfDKs/5KawXilqg=,KgXtqbFb+gENuhpj3n4402zKqRY=
14,25,cVydbtK+fKkhpfDKs/5KawXilqg=,mFL55UvxHcqDEIADHnBv7LQUTnk=
15,24,cVydbtK+fKkhpfDKs/5KawXilqg=,mFL55UvxHcqDEIADHnBv7LQUTnk=
13,27,cVydbtK+fKkhpfDKs/5KawXilqg=,mFL55UvxHcqDEIADHnBv7LQUTnk=
11,29,cVydbtK+fKkhpfDKs/5KawXilqg=,MuDOvF6UjTrIgb/OY+a2l/fXQes=
11,27,cVydbtK+fKkhpfDKs/5KawXilqg=,Q65ZDYLQUQjUgdzQvkERLXsfo1g=
11,28,cVydbtK+fKkhpfDKs/5KawXilqg=,MuDOvF6UjTrIgb/OY+a2l/fXQes=
15,23,cVydbtK+fKkhpfDKs/5KawXilqg=,7mtYWZKagNQ3gHb1l7j6ksw+GLk=
13,29,cVydbtK+fKkhpfDKs/5KawXilqg=,2jUnyNYj/8SOH3rf8UoEBX5JIrA=
15,27,cVydbtK+fKkhpfDKs/5KawXilqg=,mFL55UvxHcqDEIADHnBv7LQUTnk=
12,30,cVydbtK+fKkhpfDKs/5KawXilqg=,2jUnyNYj/8SOH3rf8UoEBX5JIrA=
13,25,cVydbtK+fKkhpfDKs/5KawXilqg=,mFL55UvxHcqDEIADHnBv7LQUTnk=
12,29,cVydbtK+fKkhpfDKs/5KawXilqg=,2jUnyNYj/8SOH3rf8UoEBX5JIrA=
15,30,cVydbtK+fKkhpfDKs/5KawXilqg=,2jUnyNYj/8SOH3rf8UoEBX5JIrA=
13,30,cVydbtK+fKkhpfDKs/5KawXilqg=,2jUnyNYj/8SOH3rf8UoEBX5JIrA=
13,24,cVydbtK+fKkhpfDKs/5KawXilqg=,mFL55UvxHcqDEIADHnBv7LQUTnk=
14,28,cVydbtK+fKkhpfDKs/5KawXilqg=,2jUnyNYj/8SOH3rf8UoEBX5JIrA=
14,27,cVydbtK+fKkhpfDKs/5KawXilqg=,mFL55UvxHcqDEIADHnBv7LQUTnk=
12,28,cVydbtK+fKkhpfDKs/5KawXilqg=,2jUnyNYj/8SOH3rf8UoEBX5JIrA=
15,28,cVydbtK+fKkhpfDKs/5KawXilqg=,2jUnyNYj/8SOH3rf8UoEBX5JIrA=
11,25,cVydbtK+fKkhpfDKs/5KawXilqg=,Q65ZDYLQUQjUgdzQvkERLXsfo1g=
1,16,cVydbtK+fKkhpfDKs/5KawXilqg=,KgXtqbFb+gENuhpj3n4402zKqRY=
14,29,cVydbtK+fKkhpfDKs/5KawXilqg=,2jUnyNYj/8SOH3rf8UoEBX5JIrA=
15,29,cVydbtK+fKkhpfDKs/5KawXilqg=,2jUnyNYj/8SOH3rf8UoEBX5JIrA=
12,26,cVydbtK+fKkhpfDKs/5KawXilqg=,mFL55UvxHcqDEIADHnBv7LQUTnk=
14,30,cVydbtK+fKkhpfDKs/5KawXilqg=,2jUnyNYj/8SOH3rf8UoEBX5JIrA=
12,27,cVydbtK+fKkhpfDKs/5KawXilqg=,mFL55UvxHcqDEIADHnBv7LQUTnk=
13,28,cVydbtK+fKkhpfDKs/5KawXilqg=,2jUnyNYj/8SOH3rf8UoEBX5JIrA=
0,30,cVydbtK+fKkhpfDKs/5KawXilqg=,Nn5kg5APE8QpVmBiNA77VQcefIM=
0,29,cVydbtK+fKkhpfDKs/5KawXilqg=,Nn5kg5APE8QpVmBiNA77VQcefIM=
0,21,cVydbtK+fKkhpfDKs/5KawXilqg=,9dgJUQEJMTjuOTDRU/RbPHRkg60=
0,26,cVydbtK+fKkhpfDKs/5KawXilqg=,NOwX7pJGhxKAs/LB9wDI2RHZ4mA=
0,22,cVydbtK+fKkhpfDKs/5KawXilqg=,9dgJUQEJMTjuOTDRU/RbPHRkg60=
0,23,cVydbtK+fKkhpfDKs/5KawXilqg=,9dgJUQEJMTjuOTDRU/RbPHRkg60=
0,17,cVydbtK+fKkhpfDKs/5KawXilqg=,KgXtqbFb+gENuhpj3n4402zKqRY=
0,27,cVydbtK+fKkhpfDKs/5KawXilqg=,NOwX7pJGhxKAs/LB9wDI2RHZ4mA=
0,24,cVydbtK+fKkhpfDKs/5KawXilqg=,NOwX7pJGhxKAs/LB9wDI2RHZ4mA=
0,18,cVydbtK+fKkhpfDKs/5KawXilqg=,KgXtqbFb+gENuhpj3n4402zKqRY=
0,19,cVydbtK+fKkhpfDKs/5KawXilqg=,KgXtqbFb+gENuhpj3n4402zKqRY=
0,25,cVydbtK+fKkhpfDKs/5KawXilqg=,NOwX7pJGhxKAs/LB9wDI2RHZ4mA=
0,20,cVydbtK+fKkhpfDKs/5KawXilqg=,9dgJUQEJMTjuOTDRU/RbPHRkg60=
0,28,cVydbtK+fKkhpfDKs/5KawXilqg=,Nn5kg5APE8QpVmBiNA77VQcefIM=
0,16,cVydbtK+fKkhpfDKs/5KawXilqg=,KgXtqbFb+gENuhpj3n4402zKqRY=
15,16,cVydbtK+fKkhpfDKs/5KawXilqg=,anNNJjxptP+Bc8Y8yDErupgEodU=
21,26,ZkFzkkUN8FILHj8ieE+KXHQJnoc=,hp34pXan1sa4WjQ3Vjvs5iDoLmo=
22,25,ZkFzkkUN8FILHj8ieE+KXHQJnoc=,hp34pXan1sa4WjQ3Vjvs5iDoLmo=
25,26,ZkFzkkUN8FILHj8ieE+KXHQJnoc=,GOomw+ikB8laYtBBMS2Oz3ILMWQ=
23,25,ZkFzkkUN8FILHj8ieE+KXHQJnoc=,hp34pXan1sa4WjQ3Vjvs5iDoLmo=
26,26,ZkFzkkUN8FILHj8ieE+KXHQJnoc=,GOomw+ikB8laYtBBMS2Oz3ILMWQ=
23,26,ZkFzkkUN8FILHj8ieE+KXHQJnoc=,hp34pXan1sa4WjQ3Vjvs5iDoLmo=
24,25,ZkFzkkUN8FILHj8ieE+KXHQJnoc=,GOomw+ikB8laYtBBMS2Oz3ILMWQ=
25,25,ZkFzkkUN8FILHj8ieE+KXHQJnoc=,GOomw+ikB8laYtBBMS2Oz3ILMWQ=
21,25,ZkFzkkUN8FILHj8ieE+KXHQJnoc=,hp34pXan1sa4WjQ3Vjvs5iDoLmo=
22,26,ZkFzkkUN8FILHj8ieE+KXHQJnoc=,hp34pXan1sa4WjQ3Vjvs5iDoLmo=
24,26,ZkFzkkUN8FILHj8ieE+KXHQJnoc=,GOomw+ikB8laYtBBMS2Oz3ILMWQ=
26,25,ZkFzkkUN8FILHj8ieE+KXHQJnoc=,GOomw+ikB8laYtBBMS2Oz3ILMWQ=
25,24,ZkFzkkUN8FILHj8ieE+KXHQJnoc=,GOomw+ikB8laYtBBMS2Oz3ILMWQ=
26,23,ZkFzkkUN8FILHj8ieE+KXHQJnoc=,00aRV4HHgYt6tTRq7B95OnY7MMM=
26,22,ZkFzkkUN8FILHj8ieE+KXHQJnoc=,00aRV4HHgYt6tTRq7B95OnY7MMM=
25,22,ZkFzkkUN8FILHj8ieE+KXHQJnoc=,00aRV4HHgYt6tTRq7B95OnY7MMM=
26,21,ZkFzkkUN8FILHj8ieE+KXHQJnoc=,00aRV4HHgYt6tTRq7B95OnY7MMM=
26,24,ZkFzkkUN8FILHj8ieE+KXHQJnoc=,GOomw+ikB8laYtBBMS2Oz3ILMWQ=
25,23,ZkFzkkUN8FILHj8ieE+KXHQJnoc=,00aRV4HHgYt6tTRq7B95OnY7MMM=
26,17,ZkFzkkUN8FILHj8ieE+KXHQJnoc=,99PmuQvOw53tCZCfRLJDGCiA6Bc=
26,20,ZkFzkkUN8FILHj8ieE+KXHQJnoc=,00aRV4HHgYt6tTRq7B95OnY7MMM=
25,20,ZkFzkkUN8FILHj8ieE+KXHQJnoc=,00aRV4HHgYt6tTRq7B95OnY7MMM=
25,21,ZkFzkkUN8FILHj8ieE+KXHQJnoc=,00aRV4HHgYt6tTRq7B95OnY7MMM=
25,19,ZkFzkkUN8FILHj8ieE+KXHQJnoc=,99PmuQvOw53tCZCfRLJDGCiA6Bc=
26,18,ZkFzkkUN8FILHj8ieE+KXHQJnoc=,99PmuQvOw53tCZCfRLJDGCiA6Bc=
26,19,ZkFzkkUN8FILHj8ieE+KXHQJnoc=,99PmuQvOw53tCZCfRLJDGCiA6Bc=
25,17,ZkFzkkUN8FILHj8ieE+KXHQJnoc=,99PmuQvOw53tCZCfRLJDGCiA6Bc=
25,18,ZkFzkkUN8FILHj8ieE+KXHQJnoc=,99PmuQvOw53tCZCfRLJDGCiA6Bc=
17,17,ZkFzkkUN8FILHj8ieE+KXHQJnoc=,1OsDcWdQHdqrCO+Dj+BNadx9sBo=
18,17,ZkFzkkUN8FILHj8ieE+KXHQJnoc=,1OsDcWdQHdqrCO+Dj+BNadx9sBo=
18,18,ZkFzkkUN8FILHj8ieE+KXHQJnoc=,1OsDcWdQHdqrCO+Dj+BNadx9sBo=
17,18,ZkFzkkUN8FILHj8ieE+KXHQJnoc=,1OsDcWdQHdqrCO+Dj+BNadx9sBo=
18,22,ZkFzkkUN8FILHj8ieE+KXHQJnoc=,1OsDcWdQHdqrCO+Dj+BNadx9sBo=
18,19,ZkFzkkUN8FILHj8ieE+KXHQJnoc=,1OsDcWdQHdqrCO+Dj+BNadx9sBo=
18,20,ZkFzkkUN8FILHj8ieE+KXHQJnoc=,1OsDcWdQHdqrCO+Dj+BNadx9sBo=
17,20,ZkFzkkUN8FILHj8ieE+KXHQJnoc=,1OsDcWdQHdqrCO+Dj+BNadx9sBo=
17,21,ZkFzkkUN8FILHj8ieE+KXHQJnoc=,1OsDcWdQHdqrCO+Dj+BNadx9sBo=
18,21,ZkFzkkUN8FILHj8ieE+KXHQJnoc=,1OsDcWdQHdqrCO+Dj+BNadx9sBo=
17,19,ZkFzkkUN8FILHj8ieE+KXHQJnoc=,1OsDcWdQHdqrCO+Dj+BNadx9sBo=
17,22,ZkFzkkUN8FILHj8ieE+KXHQJnoc=,1OsDcWdQHdqrCO+Dj+BNadx9sBo=
24,21,ZkFzkkUN8FILHj8ieE+KXHQJnoc=,00aRV4HHgYt6tTRq7B95OnY7MMM=
24,22,ZkFzkkUN8FILHj8ieE+KXHQJnoc=,00aRV4HHgYt6tTRq7B95OnY7MMM=
19,21,ZkFzkkUN8FILHj8ieE+KXHQJnoc=,1OsDcWdQHdqrCO+Dj+BNadx9sBo=
23,24,ZkFzkkUN8FILHj8ieE+KXHQJnoc=,hp34pXan1sa4WjQ3Vjvs5iDoLmo=
20,22,ZkFzkkUN8FILHj8ieE+KXHQJnoc=,tQky4qa3Rzv0YbmcTb9QRmMfKrI=
23,21,ZkFzkkUN8FILHj8ieE+KXHQJnoc=,tQky4qa3Rzv0YbmcTb9QRmMfKrI=
21,24,ZkFzkkUN8FILHj8ieE+KXHQJnoc=,hp34pXan1sa4WjQ3Vjvs5iDoLmo=
21,22,ZkFzkkUN8FILHj8ieE+KXHQJnoc=,tQky4qa3Rzv0YbmcTb9QRmMfKrI=
23,22,ZkFzkkUN8FILHj8ieE+KXHQJnoc=,tQky4qa3Rzv0YbmcTb9QRmMfKrI=
22,23,ZkFzkkUN8FILHj8ieE+KXHQJnoc=,tQky4qa3Rzv0YbmcTb9QRmMfKrI=
21,23,ZkFzkkUN8FILHj8ieE+KXHQJnoc=,tQky4qa3Rzv0YbmcTb9QRmMfKrI=
24,23,ZkFzkkUN8FILHj8ieE+KXHQJnoc=,00aRV4HHgYt6tTRq7B95OnY7MMM=
20,21,ZkFzkkUN8FILHj8ieE+KXHQJnoc=,tQky4qa3Rzv0YbmcTb9QRmMfKrI=
22,21,ZkFzkkUN8FILHj8ieE+KXHQJnoc=,tQky4qa3Rzv0YbmcTb9QRmMfKrI=
21,21,Y9T8zxjfp3Ttk5S9TVwSWM51z3k=,tQky4qa3Rzv0YbmcTb9QRmMfKrI=
24,24,Y9T8zxjfp3Ttk5S9TVwSWM51z3k=,GOomw+ikB8laYtBBMS2Oz3ILMWQ=
22,22,Y9T8zxjfp3Ttk5S9TVwSWM51z3k=,tQky4qa3Rzv0YbmcTb9QRmMfKrI=
22,24,Y9T8zxjfp3Ttk5S9TVwSWM51z3k=,hp34pXan1sa4WjQ3Vjvs5iDoLmo=
19,22,Y9T8zxjfp3Ttk5S9TVwSWM51z3k=,1OsDcWdQHdqrCO+Dj+BNadx9sBo=
21,19,Y9T8zxjfp3Ttk5S9TVwSWM51z3k=,5G6sLJfzvYPk/nq7K7NLYo2rjbA=
19,20,Y9T8zxjfp3Ttk5S9TVwSWM51z3k=,1OsDcWdQHdqrCO+Dj+BNadx9sBo=
22,19,Y9T8zxjfp3Ttk5S9TVwSWM51z3k=,5G6sLJfzvYPk/nq7K7NLYo2rjbA=
24,20,Y9T8zxjfp3Ttk5S9TVwSWM51z3k=,00aRV4HHgYt6tTRq7B95OnY7MMM=
23,23,Y9T8zxjfp3Ttk5S9TVwSWM51z3k=,tQky4qa3Rzv0YbmcTb9QRmMfKrI=
19,17,Y9T8zxjfp3Ttk5S9TVwSWM51z3k=,1OsDcWdQHdqrCO+Dj+BNadx9sBo=
24,17,Y9T8zxjfp3Ttk5S9TVwSWM51z3k=,99PmuQvOw53tCZCfRLJDGCiA6Bc=
20,20,Y9T8zxjfp3Ttk5S9TVwSWM51z3k=,tQky4qa3Rzv0YbmcTb9QRmMfKrI=
19,18,Y9T8zxjfp3Ttk5S9TVwSWM51z3k=,1OsDcWdQHdqrCO+Dj+BNadx9sBo=
23,20,Y9T8zxjfp3Ttk5S9TVwSWM51z3k=,tQky4qa3Rzv0YbmcTb9QRmMfKrI=
24,18,Y9T8zxjfp3Ttk5S9TVwSWM51z3k=,99PmuQvOw53tCZCfRLJDGCiA6Bc=
20,17,Y9T8zxjfp3Ttk5S9TVwSWM51z3k=,5G6sLJfzvYPk/nq7K7NLYo2rjbA=
21,17,Y9T8zxjfp3Ttk5S9TVwSWM51z3k=,5G6sLJfzvYPk/nq7K7NLYo2rjbA=
21,20,Y9T8zxjfp3Ttk5S9TVwSWM51z3k=,tQky4qa3Rzv0YbmcTb9QRmMfKrI=
22,18,Y9T8zxjfp3Ttk5S9TVwSWM51z3k=,5G6sLJfzvYPk/nq7K7NLYo2rjbA=
21,18,Y9T8zxjfp3Ttk5S9TVwSWM51z3k=,5G6sLJfzvYPk/nq7K7NLYo2rjbA=
19,19,Y9T8zxjfp3Ttk5S9TVwSWM51z3k=,1OsDcWdQHdqrCO+Dj+BNadx9sBo=
22,17,Y9T8zxjfp3Ttk5S9TVwSWM51z3k=,5G6sLJfzvYPk/nq7K7NLYo2rjbA=
20,19,Y9T8zxjfp3Ttk5S9TVwSWM51z3k=,5G6sLJfzvYPk/nq7K7NLYo2rjbA=
23,17,Y9T8zxjfp3Ttk5S9TVwSWM51z3k=,5G6sLJfzvYPk/nq7K7NLYo2rjbA=
24,19,Y9T8zxjfp3Ttk5S9TVwSWM51z3k=,99PmuQvOw53tCZCfRLJDGCiA6Bc=
23,18,Y9T8zxjfp3Ttk5S9TVwSWM51z3k=,5G6sLJfzvYPk/nq7K7NLYo2rjbA=
22,20,Y9T8zxjfp3Ttk5S9TVwSWM51z3k=,tQky4qa3Rzv0YbmcTb9QRmMfKrI=
23,19,Y9T8zxjfp3Ttk5S9TVwSWM51z3k=,5G6sLJfzvYPk/nq7K7NLYo2rjbA=
20,18,Y9T8zxjfp3Ttk5S9TVwSWM51z3k=,5G6sLJfzvYPk/nq7K7NLYo2rjbA=
17,29,Y9T8zxjfp3Ttk5S9TVwSWM51z3k=,53bOIVUfwuLFE/I+7ROajBMt6Ok=
18,29,Y9T8zxjfp3Ttk5S9TVwSWM51z3k=,53bOIVUfwuLFE/I+7ROajBMt6Ok=
17,30,Y9T8zxjfp3Ttk5S9TVwSWM51z3k=,53bOIVUfwuLFE/I+7ROajBMt6Ok=
18,30,Y9T8zxjfp3Ttk5S9TVwSWM51z3k=,53bOIVUfwuLFE/I+7ROajBMt6Ok=
17,27,Y9T8zxjfp3Ttk5S9TVwSWM51z3k=,/zo1XBarT3/zaNyIyP7e+bbSYV4=
19,25,Y9T8zxjfp3Ttk5S9TVwSWM51z3k=,/zo1XBarT3/zaNyIyP7e+bbSYV4=
18,25,Y9T8zxjfp3Ttk5S9TVwSWM51z3k=,/zo1XBarT3/zaNyIyP7e+bbSYV4=
17,25,Y9T8zxjfp3Ttk5S9TVwSWM51z3k=,/zo1XBarT3/zaNyIyP7e+bbSYV4=
20,25,Y9T8zxjfp3Ttk5S9TVwSWM51z3k=,hp34pXan1sa4WjQ3Vjvs5iDoLmo=
20,23,Y9T8zxjfp3Ttk5S9TVwSWM51z3k=,tQky4qa3Rzv0YbmcTb9QRmMfKrI=
17,24,Y9T8zxjfp3Ttk5S9TVwSWM51z3k=,/zo1XBarT3/zaNyIyP7e+bbSYV4=
19,24,Y9T8zxjfp3Ttk5S9TVwSWM51z3k=,/zo1XBarT3/zaNyIyP7e+bbSYV4=
18,27,Y9T8zxjfp3Ttk5S9TVwSWM51z3k=,/zo1XBarT3/zaNyIyP7e+bbSYV4=
18,28,Y9T8zxjfp3Ttk5S9TVwSWM51z3k=,53bOIVUfwuLFE/I+7ROajBMt6Ok=
20,24,Y9T8zxjfp3Ttk5S9TVwSWM51z3k=,hp34pXan1sa4WjQ3Vjvs5iDoLmo=
20,26,Y9T8zxjfp3Ttk5S9TVwSWM51z3k=,hp34pXan1sa4WjQ3Vjvs5iDoLmo=
19,26,Y9T8zxjfp3Ttk5S9TVwSWM51z3k=,/zo1XBarT3/zaNyIyP7e+bbSYV4=
19,23,Y9T8zxjfp3Ttk5S9TVwSWM51z3k=,1OsDcWdQHdqrCO+Dj+BNadx9sBo=
17,26,Y9T8zxjfp3Ttk5S9TVwSWM51z3k=,/zo1XBarT3/zaNyIyP7e+bbSYV4=
18,24,Y9T8zxjfp3Ttk5S9TVwSWM51z3k=,/zo1XBarT3/zaNyIyP7e+bbSYV4=
17,28,Y9T8zxjfp3Ttk5S9TVwSWM51z3k=,53bOIVUfwuLFE/I+7ROajBMt6Ok=
18,26,Y9T8zxjfp3Ttk5S9TVwSWM51z3k=,/zo1XBarT3/zaNyIyP7e+bbSYV4=
18,23,Y9T8zxjfp3Ttk5S9TVwSWM51z3k=,1OsDcWdQHdqrCO+Dj+BNadx9sBo=
17,23,Y9T8zxjfp3Ttk5S9TVwSWM51z3k=,1OsDcWdQHdqrCO+Dj+BNadx9sBo=
22,30,Y9T8zxjfp3Ttk5S9TVwSWM51z3k=,Qx88E487vGnrBkYOaG4Nm6wzGIo=
21,30,Y9T8zxjfp3Ttk5S9TVwSWM51z3k=,Qx88E487vGnrBkYOaG4Nm6wzGIo=
21,27,Y9T8zxjfp3Ttk5S9TVwSWM51z3k=,hp34pXan1sa4WjQ3Vjvs5iDoLmo=
19,28,Y9T8zxjfp3Ttk5S9TVwSWM51z3k=,53bOIVUfwuLFE/I+7ROajBMt6Ok=
20,30,Y9T8zxjfp3Ttk5S9TVwSWM51z3k=,Qx88E487vGnrBkYOaG4Nm6wzGIo=
22,27,Y9T8zxjfp3Ttk5S9TVwSWM51z3k=,hp34pXan1sa4WjQ3Vjvs5iDoLmo=
22,28,Y9T8zxjfp3Ttk5S9TVwSWM51z3k=,Qx88E487vGnrBkYOaG4Nm6wzGIo=
19,29,Y9T8zxjfp3Ttk5S9TVwSWM51z3k=,53bOIVUfwuLFE/I+7ROajBMt6Ok=
21,29,Y9T8zxjfp3Ttk5S9TVwSWM51z3k=,Qx88E487vGnrBkYOaG4Nm6wzGIo=
19,27,Y9T8zxjfp3Ttk5S9TVwSWM51z3k=,/zo1XBarT3/zaNyIyP7e+bbSYV4=
20,28,Y9T8zxjfp3Ttk5S9TVwSWM51z3k=,Qx88E487vGnrBkYOaG4Nm6wzGIo=
20,27,Y9T8zxjfp3Ttk5S9TVwSWM51z3k=,hp34pXan1sa4WjQ3Vjvs5iDoLmo=
21,28,Y9T8zxjfp3Ttk5S9TVwSWM51z3k=,Qx88E487vGnrBkYOaG4Nm6wzGIo=
20,29,Y9T8zxjfp3Ttk5S9TVwSWM51z3k=,Qx88E487vGnrBkYOaG4Nm6wzGIo=
22,29,Y9T8zxjfp3Ttk5S9TVwSWM51z3k=,Qx88E487vGnrBkYOaG4Nm6wzGIo=
19,30,Y9T8zxjfp3Ttk5S9TVwSWM51z3k=,53bOIVUfwuLFE/I+7ROajBMt6Ok=
29,30,Y9T8zxjfp3Ttk5S9TVwSWM51z3k=,ecyPGHq+tNOnf5RJ3XXbF1KGlH0=
29,29,Y9T8zxjfp3Ttk5S9TVwSWM51z3k=,ecyPGHq+tNOnf5RJ3XXbF1KGlH0=
28,30,Y9T8zxjfp3Ttk5S9TVwSWM51z3k=,ecyPGHq+tNOnf5RJ3XXbF1KGlH0=
25,28,Y9T8zxjfp3Ttk5S9TVwSWM51z3k=,Blka244Q6W7PC3JKZSRrArKhVqI=
23,28,Y9T8zxjfp3Ttk5S9TVwSWM51z3k=,Qx88E487vGnrBkYOaG4Nm6wzGIo=
27,30,Y9T8zxjfp3Ttk5S9TVwSWM51z3k=,Blka244Q6W7PC3JKZSRrArKhVqI=
25,30,Y9T8zxjfp3Ttk5S9TVwSWM51z3k=,Blka244Q6W7PC3JKZSRrArKhVqI=
28,29,Y9T8zxjfp3Ttk5S9TVwSWM51z3k=,ecyPGHq+tNOnf5RJ3XXbF1KGlH0=
24,28,Y9T8zxjfp3Ttk5S9TVwSWM51z3k=,Blka244Q6W7PC3JKZSRrArKhVqI=
26,30,Y9T8zxjfp3Ttk5S9TVwSWM51z3k=,Blka244Q6W7PC3JKZSRrArKhVqI=
30,29,Y9T8zxjfp3Ttk5S9TVwSWM51z3k=,ecyPGHq+tNOnf5RJ3XXbF1KGlH0=
24,27,Y9T8zxjfp3Ttk5S9TVwSWM51z3k=,GOomw+ikB8laYtBBMS2Oz3ILMWQ=
23,27,Y9T8zxjfp3Ttk5S9TVwSWM51z3k=,hp34pXan1sa4WjQ3Vjvs5iDoLmo=
26,29,Y9T8zxjfp3Ttk5S9TVwSWM51z3k=,Blka244Q6W7PC3JKZSRrArKhVqI=
27,29,Y9T8zxjfp3Ttk5S9TVwSWM51z3k=,Blka244Q6W7PC3JKZSRrArKhVqI=
24,30,Y9T8zxjfp3Ttk5S9TVwSWM51z3k=,Blka244Q6W7PC3JKZSRrArKhVqI=
24,29,Y9T8zxjfp3Ttk5S9TVwSWM51z3k=,Blka244Q6W7PC3JKZSRrArKhVqI=
23,29,Y9T8zxjfp3Ttk5S9TVwSWM51z3k=,Qx88E487vGnrBkYOaG4Nm6wzGIo=
23,30,Y9T8zxjfp3Ttk5S9TVwSWM51z3k=,Qx88E487vGnrBkYOaG4Nm6wzGIo=
26,28,Y9T8zxjfp3Ttk5S9TVwSWM51z3k=,Blka244Q6W7PC3JKZSRrArKhVqI=
30,30,Y9T8zxjfp3Ttk5S9TVwSWM51z3k=,ecyPGHq+tNOnf5RJ3XXbF1KGlH0=
26,27,Y9T8zxjfp3Ttk5S9TVwSWM51z3k=,GOomw+ikB8laYtBBMS2Oz3ILMWQ=
25,29,Y9T8zxjfp3Ttk5S9TVwSWM51z3k=,Blka244Q6W7PC3JKZSRrArKhVqI=
25,27,Y9T8zxjfp3Ttk5S9TVwSWM51z3k=,GOomw+ikB8laYtBBMS2Oz3ILMWQ=
26,16,Y9T8zxjfp3Ttk5S9TVwSWM51z3k=,99PmuQvOw53tCZCfRLJDGCiA6Bc=
25,16,Y9T8zxjfp3Ttk5S9TVwSWM51z3k=,99PmuQvOw53tCZCfRLJDGCiA6Bc=
29,27,Y9T8zxjfp3Ttk5S9TVwSWM51z3k=,O7waxhf0V4QhpHm5nywmRvSOBrs=
27,25,Y9T8zxjfp3Ttk5S9TVwSWM51z3k=,GOomw+ikB8laYtBBMS2Oz3ILMWQ=
28,28,Y9T8zxjfp3Ttk5S9TVwSWM51z3k=,ecyPGHq+tNOnf5RJ3XXbF1KGlH0=
30,25,Y9T8zxjfp3Ttk5S9TVwSWM51z3k=,O7waxhf0V4QhpHm5nywmRvSOBrs=
27,26,Y9T8zxjfp3Ttk5S9TVwSWM51z3k=,GOomw+ikB8laYtBBMS2Oz3ILMWQ=
27,28,Y9T8zxjfp3Ttk5S9TVwSWM51z3k=,Blka244Q6W7PC3JKZSRrArKhVqI=
28,26,Y9T8zxjfp3Ttk5S9TVwSWM51z3k=,O7waxhf0V4QhpHm5nywmRvSOBrs=
29,28,Y9T8zxjfp3Ttk5S9TVwSWM51z3k=,ecyPGHq+tNOnf5RJ3XXbF1KGlH0=
22,16,Y9T8zxjfp3Ttk5S9TVwSWM51z3k=,5G6sLJfzvYPk/nq7K7NLYo2rjbA=
23,16,Y9T8zxjfp3Ttk5S9TVwSWM51z3k=,5G6sLJfzvYPk/nq7K7NLYo2rjbA=
24,16,Y9T8zxjfp3Ttk5S9TVwSWM51z3k=,99PmuQvOw53tCZCfRLJDGCiA6Bc=
28,27,Y9T8zxjfp3Ttk5S9TVwSWM51z3k=,O7waxhf0V4QhpHm5nywmRvSOBrs=
30,28,Y9T8zxjfp3Ttk5S9TVwSWM51z3k=,ecyPGHq+tNOnf5RJ3XXbF1KGlH0=
30,26,Y9T8zxjfp3Ttk5S9TVwSWM51z3k=,O7waxhf0V4QhpHm5nywmRvSOBrs=
28,25,Y9T8zxjfp3Ttk5S9TVwSWM51z3k=,O7waxhf0V4QhpHm5nywmRvSOBrs=
29,25,Y9T8zxjfp3Ttk5S9TVwSWM51z3k=,O7waxhf0V4QhpHm5nywmRvSOBrs=
30,27,Y9T8zxjfp3Ttk5S9TVwSWM51z3k=,O7waxhf0V4QhpHm5nywmRvSOBrs=
29,26,Y9T8zxjfp3Ttk5S9TVwSWM51z3k=,O7waxhf0V4QhpHm5nywmRvSOBrs=
27,27,Y9T8zxjfp3Ttk5S9TVwSWM51z3k=,GOomw+ikB8laYtBBMS2Oz3ILMWQ=
21,16,Y9T8zxjfp3Ttk5S9TVwSWM51z3k=,5G6sLJfzvYPk/nq7K7NLYo2rjbA=
28,22,Y9T8zxjfp3Ttk5S9TVwSWM51z3k=,zS3ZXuVIfFTVOCbD5vqgcfunuek=
29,21,Y9T8zxjfp3Ttk5S9TVwSWM51z3k=,zS3ZXuVIfFTVOCbD5vqgcfunuek=
28,23,Y9T8zxjfp3Ttk5S9TVwSWM51z3k=,zS3ZXuVIfFTVOCbD5vqgcfunuek=
27,23,Y9T8zxjfp3Ttk5S9TVwSWM51z3k=,00aRV4HHgYt6tTRq7B95OnY7MMM=
27,24,Y9T8zxjfp3Ttk5S9TVwSWM51z3k=,GOomw+ikB8laYtBBMS2Oz3ILMWQ=
29,23,Y9T8zxjfp3Ttk5S9TVwSWM51z3k=,zS3ZXuVIfFTVOCbD5vqgcfunuek=
29,22,Y9T8zxjfp3Ttk5S9TVwSWM51z3k=,zS3ZXuVIfFTVOCbD5vqgcfunuek=
27,21,Y9T8zxjfp3Ttk5S9TVwSWM51z3k=,00aRV4HHgYt6tTRq7B95OnY7MMM=
28,21,Y9T8zxjfp3Ttk5S9TVwSWM51z3k=,zS3ZXuVIfFTVOCbD5vqgcfunuek=
29,24,Y9T8zxjfp3Ttk5S9TVwSWM51z3k=,O7waxhf0V4QhpHm5nywmRvSOBrs=
18,16,Y9T8zxjfp3Ttk5S9TVwSWM51z3k=,1OsDcWdQHdqrCO+Dj+BNadx9sBo=
20,16,Y9T8zxjfp3Ttk5S9TVwSWM51z3k=,5G6sLJfzvYPk/nq7K7NLYo2rjbA=
30,22,Y9T8zxjfp3Ttk5S9TVwSWM51z3k=,zS3ZXuVIfFTVOCbD5vqgcfunuek=
30,24,Y9T8zxjfp3Ttk5S9TVwSWM51z3k=,O7waxhf0V4QhpHm5nywmRvSOBrs=
28,24,Y9T8zxjfp3Ttk5S9TVwSWM51z3k=,O7waxhf0V4QhpHm5nywmRvSOBrs=
27,22,Y9T8zxjfp3Ttk5S9TVwSWM51z3k=,00aRV4HHgYt6tTRq7B95OnY7MMM=
19,16,Y9T8zxjfp3Ttk5S9TVwSWM51z3k=,1OsDcWdQHdqrCO+Dj+BNadx9sBo=
30,23,Y9T8zxjfp3Ttk5S9TVwSWM51z3k=,zS3ZXuVIfFTVOCbD5vqgcfunuek=
29,17,Y9T8zxjfp3Ttk5S9TVwSWM51z3k=,sO7q1TyBF0m4W5H2j/aqKh9YYzA=
17,16,Y9T8zxjfp3Ttk5S9TVwSWM51z3k=,1OsDcWdQHdqrCO+Dj+BNadx9sBo=
29,20,Y9T8zxjfp3Ttk5S9TVwSWM51z3k=,zS3ZXuVIfFTVOCbD5vqgcfunuek=
28,17,Y9T8zxjfp3Ttk5S9TVwSWM51z3k=,sO7q1TyBF0m4W5H2j/aqKh9YYzA=
27,16,Y9T8zxjfp3Ttk5S9TVwSWM51z3k=,99PmuQvOw53tCZCfRLJDGCiA6Bc=
27,19,Y9T8zxjfp3Ttk5S9TVwSWM51z3k=,99PmuQvOw53tCZCfRLJDGCiA6Bc=
29,19,Y9T8zxjfp3Ttk5S9TVwSWM51z3k=,sO7q1TyBF0m4W5H2j/aqKh9YYzA=
28,19,Y9T8zxjfp3Ttk5S9TVwSWM51z3k=,sO7q1TyBF0m4W5H2j/aqKh9YYzA=
30,21,Y9T8zxjfp3Ttk5S9TVwSWM51z3k=,zS3ZXuVIfFTVOCbD5vqgcfunuek=
16,18,Y9T8zxjfp3Ttk5S9TVwSWM51z3k=,1OsDcWdQHdqrCO+Dj+BNadx9sBo=
28,20,Y9T8zxjfp3Ttk5S9TVwSWM51z3k=,zS3ZXuVIfFTVOCbD5vqgcfunuek=
27,20,Y9T8zxjfp3Ttk5S9TVwSWM51z3k=,00aRV4HHgYt6tTRq7B95OnY7MMM=
16,17,Y9T8zxjfp3Ttk5S9TVwSWM51z3k=,1OsDcWdQHdqrCO+Dj+BNadx9sBo=
27,17,Y9T8zxjfp3Ttk5S9TVwSWM51z3k=,99PmuQvOw53tCZCfRLJDGCiA6Bc=
30,20,Y9T8zxjfp3Ttk5S9TVwSWM51z3k=,zS3ZXuVIfFTVOCbD5vqgcfunuek=
29,18,Y9T8zxjfp3Ttk5S9TVwSWM51z3k=,sO7q1TyBF0m4W5H2j/aqKh9YYzA=
28,16,Y9T8zxjfp3Ttk5S9TVwSWM51z3k=,sO7q1TyBF0m4W5H2j/aqKh9YYzA=
27,18,Y9T8zxjfp3Ttk5S9TVwSWM51z3k=,99PmuQvOw53tCZCfRLJDGCiA6Bc=
29,16,Y9T8zxjfp3Ttk5S9TVwSWM51z3k=,sO7q1TyBF0m4W5H2j/aqKh9YYzA=
30,19,Y9T8zxjfp3Ttk5S9TVwSWM51z3k=,sO7q1TyBF0m4W5H2j/aqKh9YYzA=
30,17,Y9T8zxjfp3Ttk5S9TVwSWM51z3k=,sO7q1TyBF0m4W5H2j/aqKh9YYzA=
30,18,Y9T8zxjfp3Ttk5S9TVwSWM51z3k=,sO7q1TyBF0m4W5H2j/aqKh9YYzA=
16,20,Y9T8zxjfp3Ttk5S9TVwSWM51z3k=,1OsDcWdQHdqrCO+Dj+BNadx9sBo=
28,18,Y9T8zxjfp3Ttk5S9TVwSWM51z3k=,sO7q1TyBF0m4W5H2j/aqKh9YYzA=
16,21,Y9T8zxjfp3Ttk5S9TVwSWM51z3k=,1OsDcWdQHdqrCO+Dj+BNadx9sBo=
16,22,Y9T8zxjfp3Ttk5S9TVwSWM51z3k=,1OsDcWdQHdqrCO+Dj+BNadx9sBo=
30,16,Y9T8zxjfp3Ttk5S9TVwSWM51z3k=,sO7q1TyBF0m4W5H2j/aqKh9YYzA=
16,19,Y9T8zxjfp3Ttk5S9TVwSWM51z3k=,1OsDcWdQHdqrCO+Dj+BNadx9sBo=
16,25,Y9T8zxjfp3Ttk5S9TVwSWM51z3k=,/zo1XBarT3/zaNyIyP7e+bbSYV4=
16,24,Y9T8zxjfp3Ttk5S9TVwSWM51z3k=,/zo1XBarT3/zaNyIyP7e+bbSYV4=
16,23,Y9T8zxjfp3Ttk5S9TVwSWM51z3k=,1OsDcWdQHdqrCO+Dj+BNadx9sBo=
16,26,Y9T8zxjfp3Ttk5S9TVwSWM51z3k=,/zo1XBarT3/zaNyIyP7e+bbSYV4=
16,29,Y9T8zxjfp3Ttk5S9TVwSWM51z3k=,53bOIVUfwuLFE/I+7ROajBMt6Ok=
16,16,Y9T8zxjfp3Ttk5S9TVwSWM51z3k=,1OsDcWdQHdqrCO+Dj+BNadx9sBo=
16,28,Y9T8zxjfp3Ttk5S9TVwSWM51z3k=,53bOIVUfwuLFE/I+7ROajBMt6Ok=
16,27,Y9T8zxjfp3Ttk5S9TVwSWM51z3k=,/zo1XBarT3/zaNyIyP7e+bbSYV4=
16,30,Y9T8zxjfp3Ttk5S9TVwSWM51z3k=,53bOIVUfwuLFE/I+7ROajBMt6Ok=
16,10,GGPZb6GwJetI53RJQuiOHNHeMos=,D4xX5sSKKp3WHiLfYBVivErbIMQ=
18,9,GGPZb6GwJetI53RJQuiOHNHeMos=,D4xX5sSKKp3WHiLfYBVivErbIMQ=
18,10,GGPZb6GwJetI53RJQuiOHNHeMos=,D4xX5sSKKp3WHiLfYBVivErbIMQ=
26,10,GGPZb6GwJetI53RJQuiOHNHeMos=,GcdrUsdw0fm5A4heU8jdhzwmwYw=
25,10,GGPZb6GwJetI53RJQuiOHNHeMos=,GcdrUsdw0fm5A4heU8jdhzwmwYw=
17,9,GGPZb6GwJetI53RJQuiOHNHeMos=,D4xX5sSKKp3WHiLfYBVivErbIMQ=
25,9,GGPZb6GwJetI53RJQuiOHNHeMos=,GcdrUsdw0fm5A4heU8jdhzwmwYw=
17,10,GGPZb6GwJetI53RJQuiOHNHeMos=,D4xX5sSKKp3WHiLfYBVivErbIMQ=
26,9,GGPZb6GwJetI53RJQuiOHNHeMos=,GcdrUsdw0fm5A4heU8jdhzwmwYw=
16,9,GGPZb6GwJetI53RJQuiOHNHeMos=,D4xX5sSKKp3WHiLfYBVivErbIMQ=
24,9,GGPZb6GwJetI53RJQuiOHNHeMos=,GcdrUsdw0fm5A4heU8jdhzwmwYw=
24,10,GGPZb6GwJetI53RJQuiOHNHeMos=,GcdrUsdw0fm5A4heU8jdhzwmwYw=
19,9,GGPZb6GwJetI53RJQuiOHNHeMos=,D4xX5sSKKp3WHiLfYBVivErbIMQ=
21,10,GGPZb6GwJetI53RJQuiOHNHeMos=,KFq9FQKVM4twTGrobOUbzHLS1CY=
23,10,GGPZb6GwJetI53RJQuiOHNHeMos=,KFq9FQKVM4twTGrobOUbzHLS1CY=
19,10,GGPZb6GwJetI53RJQuiOHNHeMos=,D4xX5sSKKp3WHiLfYBVivErbIMQ=
22,10,GGPZb6GwJetI53RJQuiOHNHeMos=,KFq9FQKVM4twTGrobOUbzHLS1CY=
20,9,GGPZb6GwJetI53RJQuiOHNHeMos=,KFq9FQKVM4twTGrobOUbzHLS1CY=
21,9,GGPZb6GwJetI53RJQuiOHNHeMos=,KFq9FQKVM4twTGrobOUbzHLS1CY=
23,9,GGPZb6GwJetI53RJQuiOHNHeMos=,KFq9FQKVM4twTGrobOUbzHLS1CY=
22,12,GGPZb6GwJetI53RJQuiOHNHeMos=,xekTqqB2ltz2yiFpXgV7cqMbvc8=
21,12,GGPZb6GwJetI53RJQuiOHNHeMos=,xekTqqB2ltz2yiFpXgV7cqMbvc8=
20,10,GGPZb6GwJetI53RJQuiOHNHeMos=,KFq9FQKVM4twTGrobOUbzHLS1CY=
22,9,GGPZb6GwJetI53RJQuiOHNHeMos=,KFq9FQKVM4twTGrobOUbzHLS1CY=
22,11,GGPZb6GwJetI53RJQuiOHNHeMos=,KFq9FQKVM4twTGrobOUbzHLS1CY=
22,14,GGPZb6GwJetI53RJQuiOHNHeMos=,xekTqqB2ltz2yiFpXgV7cqMbvc8=
21,13,GGPZb6GwJetI53RJQuiOHNHeMos=,xekTqqB2ltz2yiFpXgV7cqMbvc8=
21,11,GGPZb6GwJetI53RJQuiOHNHeMos=,KFq9FQKVM4twTGrobOUbzHLS1CY=
21,14,GGPZb6GwJetI53RJQuiOHNHeMos=,xekTqqB2ltz2yiFpXgV7cqMbvc8=
22,13,GGPZb6GwJetI53RJQuiOHNHeMos=,xekTqqB2ltz2yiFpXgV7cqMbvc8=
29,6,KYvsCySpcxh0XcwiP2ezELcnQYY=,y2Nuv6Ll+Fn5btaz7iJDICuQ924=
29,5,KYvsCySpcxh0XcwiP2ezELcnQYY=,y2Nuv6Ll+Fn5btaz7iJDICuQ924=
30,5,KYvsCySpcxh0XcwiP2ezELcnQYY=,y2Nuv6Ll+Fn5btaz7iJDICuQ924=
30,6,KYvsCySpcxh0XcwiP2ezELcnQYY=,y2Nuv6Ll+Fn5btaz7iJDICuQ924=
29,8,KYvsCySpcxh0XcwiP2ezELcnQYY=,wwFloRu/B+SvMpvUMPS8nYLxnqw=
29,13,KYvsCySpcxh0XcwiP2ezELcnQYY=,wwFloRu/B+SvMpvUMPS8nYLxnqw=
30,14,KYvsCySpcxh0XcwiP2ezELcnQYY=,wwFloRu/B+SvMpvUMPS8nYLxnqw=
30,12,KYvsCySpcxh0XcwiP2ezELcnQYY=,wwFloRu/B+SvMpvUMPS8nYLxnqw=
27,10,KYvsCySpcxh0XcwiP2ezELcnQYY=,GcdrUsdw0fm5A4heU8jdhzwmwYw=
29,11,KYvsCySpcxh0XcwiP2ezELcnQYY=,wwFloRu/B+SvMpvUMPS8nYLxnqw=
29,12,KYvsCySpcxh0XcwiP2ezELcnQYY=,wwFloRu/B+SvMpvUMPS8nYLxnqw=
28,9,KYvsCySpcxh0XcwiP2ezELcnQYY=,wwFloRu/B+SvMpvUMPS8nYLxnqw=
29,10,KYvsCySpcxh0XcwiP2ezELcnQYY=,wwFloRu/B+SvMpvUMPS8nYLxnqw=
28,10,KYvsCySpcxh0XcwiP2ezELcnQYY=,wwFloRu/B+SvMpvUMPS8nYLxnqw=
30,13,KYvsCySpcxh0XcwiP2ezELcnQYY=,wwFloRu/B+SvMpvUMPS8nYLxnqw=
30,9,KYvsCySpcxh0XcwiP2ezELcnQYY=,wwFloRu/B+SvMpvUMPS8nYLxnqw=
29,14,KYvsCySpcxh0XcwiP2ezELcnQYY=,wwFloRu/B+SvMpvUMPS8nYLxnqw=
30,7,KYvsCySpcxh0XcwiP2ezELcnQYY=,y2Nuv6Ll+Fn5btaz7iJDICuQ924=
30,8,KYvsCySpcxh0XcwiP2ezELcnQYY=,wwFloRu/B+SvMpvUMPS8nYLxnqw=
29,9,KYvsCySpcxh0XcwiP2ezELcnQYY=,wwFloRu/B+SvMpvUMPS8nYLxnqw=
30,10,KYvsCySpcxh0XcwiP2ezELcnQYY=,wwFloRu/B+SvMpvUMPS8nYLxnqw=
29,7,KYvsCySpcxh0XcwiP2ezELcnQYY=,y2Nuv6Ll+Fn5btaz7iJDICuQ924=
30,11,KYvsCySpcxh0XcwiP2ezELcnQYY=,wwFloRu/B+SvMpvUMPS8nYLxnqw=
25,14,KYvsCySpcxh0XcwiP2ezELcnQYY=,wwFloRu/B+SvMpvUMPS8nYLxnqw=
27,9,KYvsCySpcxh0XcwiP2ezELcnQYY=,GcdrUsdw0fm5A4heU8jdhzwmwYw=
28,11,KYvsCySpcxh0XcwiP2ezELcnQYY=,wwFloRu/B+SvMpvUMPS8nYLxnqw=
23,12,KYvsCySpcxh0XcwiP2ezELcnQYY=,xekTqqB2ltz2yiFpXgV7cqMbvc8=
23,11,KYvsCySpcxh0XcwiP2ezELcnQYY=,KFq9FQKVM4twTGrobOUbzHLS1CY=
27,12,KYvsCySpcxh0XcwiP2ezELcnQYY=,wwFloRu/B+SvMpvUMPS8nYLxnqw=
25,11,KYvsCySpcxh0XcwiP2ezELcnQYY=,GcdrUsdw0fm5A4heU8jdhzwmwYw=
25,12,KYvsCySpcxh0XcwiP2ezELcnQYY=,wwFloRu/B+SvMpvUMPS8nYLxnqw=
24,13,KYvsCySpcxh0XcwiP2ezELcnQYY=,wwFloRu/B+SvMpvUMPS8nYLxnqw=
26,11,KYvsCySpcxh0XcwiP2ezELcnQYY=,GcdrUsdw0fm5A4heU8jdhzwmwYw=
24,12,KYvsCySpcxh0XcwiP2ezELcnQYY=,wwFloRu/B+SvMpvUMPS8nYLxnqw=
27,11,KYvsCySpcxh0XcwiP2ezELcnQYY=,GcdrUsdw0fm5A4heU8jdhzwmwYw=
24,11,KYvsCySpcxh0XcwiP2ezELcnQYY=,GcdrUsdw0fm5A4heU8jdhzwmwYw=
26,14,KYvsCySpcxh0XcwiP2ezELcnQYY=,wwFloRu/B+SvMpvUMPS8nYLxnqw=
28,13,KYvsCySpcxh0XcwiP2ezELcnQYY=,wwFloRu/B+SvMpvUMPS8nYLxnqw=
23,14,KYvsCySpcxh0XcwiP2ezELcnQYY=,xekTqqB2ltz2yiFpXgV7cqMbvc8=
26,13,KYvsCySpcxh0XcwiP2ezELcnQYY=,wwFloRu/B+SvMpvUMPS8nYLxnqw=
28,12,KYvsCySpcxh0XcwiP2ezELcnQYY=,wwFloRu/B+SvMpvUMPS8nYLxnqw=
24,14,KYvsCySpcxh0XcwiP2ezELcnQYY=,wwFloRu/B+SvMpvUMPS8nYLxnqw=
25,13,KYvsCySpcxh0XcwiP2ezELcnQYY=,wwFloRu/B+SvMpvUMPS8nYLxnqw=
23,13,KYvsCySpcxh0XcwiP2ezELcnQYY=,xekTqqB2ltz2yiFpXgV7cqMbvc8=
27,14,KYvsCySpcxh0XcwiP2ezELcnQYY=,wwFloRu/B+SvMpvUMPS8nYLxnqw=
28,14,KYvsCySpcxh0XcwiP2ezELcnQYY=,wwFloRu/B+SvMpvUMPS8nYLxnqw=
27,13,KYvsCySpcxh0XcwiP2ezELcnQYY=,wwFloRu/B+SvMpvUMPS8nYLxnqw=
26,12,KYvsCySpcxh0XcwiP2ezELcnQYY=,wwFloRu/B+SvMpvUMPS8nYLxnqw=
28,7,KYvsCySpcxh0XcwiP2ezELcnQYY=,y2Nuv6Ll+Fn5btaz7iJDICuQ924=
28,8,KYvsCySpcxh0XcwiP2ezELcnQYY=,wwFloRu/B+SvMpvUMPS8nYLxnqw=
27,7,KYvsCySpcxh0XcwiP2ezELcnQYY=,/ZM3A/dMlOLmxAhKRPpckXBv8vg=
26,7,KYvsCySpcxh0XcwiP2ezELcnQYY=,/ZM3A/dMlOLmxAhKRPpckXBv8vg=
25,7,KYvsCySpcxh0XcwiP2ezELcnQYY=,/ZM3A/dMlOLmxAhKRPpckXBv8vg=
26,8,KYvsCySpcxh0XcwiP2ezELcnQYY=,GcdrUsdw0fm5A4heU8jdhzwmwYw=
26,6,KYvsCySpcxh0XcwiP2ezELcnQYY=,/ZM3A/dMlOLmxAhKRPpckXBv8vg=
27,6,KYvsCySpcxh0XcwiP2ezELcnQYY=,/ZM3A/dMlOLmxAhKRPpckXBv8vg=
25,6,KYvsCySpcxh0XcwiP2ezELcnQYY=,/ZM3A/dMlOLmxAhKRPpckXBv8vg=
25,8,KYvsCySpcxh0XcwiP2ezELcnQYY=,GcdrUsdw0fm5A4heU8jdhzwmwYw=
27,5,KYvsCySpcxh0XcwiP2ezELcnQYY=,/ZM3A/dMlOLmxAhKRPpckXBv8vg=
25,5,KYvsCySpcxh0XcwiP2ezELcnQYY=,/ZM3A/dMlOLmxAhKRPpckXBv8vg=
28,6,KYvsCySpcxh0XcwiP2ezELcnQYY=,y2Nuv6Ll+Fn5btaz7iJDICuQ924=
27,8,KYvsCySpcxh0XcwiP2ezELcnQYY=,GcdrUsdw0fm5A4heU8jdhzwmwYw=
28,5,KYvsCySpcxh0XcwiP2ezELcnQYY=,y2Nuv6Ll+Fn5btaz7iJDICuQ924=
26,5,KYvsCySpcxh0XcwiP2ezELcnQYY=,/ZM3A/dMlOLmxAhKRPpckXBv8vg=
25,2,KYvsCySpcxh0XcwiP2ezELcnQYY=,5bDD0gvdQLCvb1lb+o7x7u3lUCk=
26,3,KYvsCySpcxh0XcwiP2ezELcnQYY=,5bDD0gvdQLCvb1lb+o7x7u3lUCk=
26,4,KYvsCySpcxh0XcwiP2ezELcnQYY=,/ZM3A/dMlOLmxAhKRPpckXBv8vg=
26,2,KYvsCySpcxh0XcwiP2ezELcnQYY=,5bDD0gvdQLCvb1lb+o7x7u3lUCk=
26,1,KYvsCySpcxh0XcwiP2ezELcnQYY=,5bDD0gvdQLCvb1lb+o7x7u3lUCk=
25,1,KYvsCySpcxh0XcwiP2ezELcnQYY=,5bDD0gvdQLCvb1lb+o7x7u3lUCk=
25,4,KYvsCySpcxh0XcwiP2ezELcnQYY=,/ZM3A/dMlOLmxAhKRPpckXBv8vg=
25,3,KYvsCySpcxh0XcwiP2ezELcnQYY=,5bDD0gvdQLCvb1lb+o7x7u3lUCk=
24,7,gYQk1TxmUdttVXLx9NPXOmt+BII=,/ZM3A/dMlOLmxAhKRPpckXBv8vg=
22,6,gYQk1TxmUdttVXLx9NPXOmt+BII=,1OsDcWdQHdqrCO+Dj+BNadx9sBo=
22,5,gYQk1TxmUdttVXLx9NPXOmt+BII=,1OsDcWdQHdqrCO+Dj+BNadx9sBo=
24,8,gYQk1TxmUdttVXLx9NPXOmt+BII=,GcdrUsdw0fm5A4heU8jdhzwmwYw=
21,8,gYQk1TxmUdttVXLx9NPXOmt+BII=,KFq9FQKVM4twTGrobOUbzHLS1CY=
24,6,gYQk1TxmUdttVXLx9NPXOmt+BII=,/ZM3A/dMlOLmxAhKRPpckXBv8vg=
22,7,gYQk1TxmUdttVXLx9NPXOmt+BII=,1OsDcWdQHdqrCO+Dj+BNadx9sBo=
23,5,gYQk1TxmUdttVXLx9NPXOmt+BII=,1OsDcWdQHdqrCO+Dj+BNadx9sBo=
21,6,gYQk1TxmUdttVXLx9NPXOmt+BII=,1OsDcWdQHdqrCO+Dj+BNadx9sBo=
23,6,gYQk1TxmUdttVXLx9NPXOmt+BII=,1OsDcWdQHdqrCO+Dj+BNadx9sBo=
23,3,gYQk1TxmUdttVXLx9NPXOmt+BII=,JhLe2ankpJjXWDpykFXOjvjs6TE=
23,7,gYQk1TxmUdttVXLx9NPXOmt+BII=,1OsDcWdQHdqrCO+Dj+BNadx9sBo=
22,3,gYQk1TxmUdttVXLx9NPXOmt+BII=,JhLe2ankpJjXWDpykFXOjvjs6TE=
24,4,gYQk1TxmUdttVXLx9NPXOmt+BII=,/ZM3A/dMlOLmxAhKRPpckXBv8vg=
24,5,gYQk1TxmUdttVXLx9NPXOmt+BII=,/ZM3A/dMlOLmxAhKRPpckXBv8vg=
24,3,gYQk1TxmUdttVXLx9NPXOmt+BII=,5bDD0gvdQLCvb1lb+o7x7u3lUCk=
22,2,gYQk1TxmUdttVXLx9NPXOmt+BII=,JhLe2ankpJjXWDpykFXOjvjs6TE=
24,2,gYQk1TxmUdttVXLx9NPXOmt+BII=,5bDD0gvdQLCvb1lb+o7x7u3lUCk=
21,5,gYQk1TxmUdttVXLx9NPXOmt+BII=,1OsDcWdQHdqrCO+Dj+BNadx9sBo=
21,7,gYQk1TxmUdttVXLx9NPXOmt+BII=,1OsDcWdQHdqrCO+Dj+BNadx9sBo=
21,4,gYQk1TxmUdttVXLx9NPXOmt+BII=,1OsDcWdQHdqrCO+Dj+BNadx9sBo=
22,4,gYQk1TxmUdttVXLx9NPXOmt+BII=,1OsDcWdQHdqrCO+Dj+BNadx9sBo=
23,4,gYQk1TxmUdttVXLx9NPXOmt+BII=,1OsDcWdQHdqrCO+Dj+BNadx9sBo=
23,1,gYQk1TxmUdttVXLx9NPXOmt+BII=,JhLe2ankpJjXWDpykFXOjvjs6TE=
21,3,gYQk1TxmUdttVXLx9NPXOmt+BII=,JhLe2ankpJjXWDpykFXOjvjs6TE=
24,1,gYQk1TxmUdttVXLx9NPXOmt+BII=,5bDD0gvdQLCvb1lb+o7x7u3lUCk=
22,1,gYQk1TxmUdttVXLx9NPXOmt+BII=,JhLe2ankpJjXWDpykFXOjvjs6TE=
22,8,gYQk1TxmUdttVXLx9NPXOmt+BII=,KFq9FQKVM4twTGrobOUbzHLS1CY=
23,8,gYQk1TxmUdttVXLx9NPXOmt+BII=,KFq9FQKVM4twTGrobOUbzHLS1CY=
21,2,gYQk1TxmUdttVXLx9NPXOmt+BII=,JhLe2ankpJjXWDpykFXOjvjs6TE=
23,2,gYQk1TxmUdttVXLx9NPXOmt+BII=,JhLe2ankpJjXWDpykFXOjvjs6TE=
21,1,gYQk1TxmUdttVXLx9NPXOmt+BII=,JhLe2ankpJjXWDpykFXOjvjs6TE=
20,7,gYQk1TxmUdttVXLx9NPXOmt+BII=,1OsDcWdQHdqrCO+Dj+BNadx9sBo=
17,5,gYQk1TxmUdttVXLx9NPXOmt+BII=,ZBh9thoHLmZ49oI/psAjOFzStlg=
20,6,gYQk1TxmUdttVXLx9NPXOmt+BII=,1OsDcWdQHdqrCO+Dj+BNadx9sBo=
17,7,gYQk1TxmUdttVXLx9NPXOmt+BII=,ZBh9thoHLmZ49oI/psAjOFzStlg=
17,6,gYQk1TxmUdttVXLx9NPXOmt+BII=,ZBh9thoHLmZ49oI/psAjOFzStlg=
20,5,gYQk1TxmUdttVXLx9NPXOmt+BII=,1OsDcWdQHdqrCO+Dj+BNadx9sBo=
19,7,gYQk1TxmUdttVXLx9NPXOmt+BII=,ZBh9thoHLmZ49oI/psAjOFzStlg=
18,6,gYQk1TxmUdttVXLx9NPXOmt+BII=,ZBh9thoHLmZ49oI/psAjOFzStlg=
19,6,gYQk1TxmUdttVXLx9NPXOmt+BII=,ZBh9thoHLmZ49oI/psAjOFzStlg=
20,8,gYQk1TxmUdttVXLx9NPXOmt+BII=,KFq9FQKVM4twTGrobOUbzHLS1CY=
19,5,gYQk1TxmUdttVXLx9NPXOmt+BII=,ZBh9thoHLmZ49oI/psAjOFzStlg=
17,8,gYQk1TxmUdttVXLx9NPXOmt+BII=,D4xX5sSKKp3WHiLfYBVivErbIMQ=
18,8,gYQk1TxmUdttVXLx9NPXOmt+BII=,D4xX5sSKKp3WHiLfYBVivErbIMQ=
19,8,gYQk1TxmUdttVXLx9NPXOmt+BII=,D4xX5sSKKp3WHiLfYBVivErbIMQ=
18,5,gYQk1TxmUdttVXLx9NPXOmt+BII=,ZBh9thoHLmZ49oI/psAjOFzStlg=
18,7,gYQk1TxmUdttVXLx9NPXOmt+BII=,ZBh9thoHLmZ49oI/psAjOFzStlg=
17,1,gYQk1TxmUdttVXLx9NPXOmt+BII=,JnBdgd71LpIoPQ34/37H3ds+yPY=
18,4,gYQk1TxmUdttVXLx9NPXOmt+BII=,ZBh9thoHLmZ49oI/psAjOFzStlg=
17,2,gYQk1TxmUdttVXLx9NPXOmt+BII=,JnBdgd71LpIoPQ34/37H3ds+yPY=
18,1,gYQk1TxmUdttVXLx9NPXOmt+BII=,JnBdgd71LpIoPQ34/37H3ds+yPY=
19,4,gYQk1TxmUdttVXLx9NPXOmt+BII=,ZBh9thoHLmZ49oI/psAjOFzStlg=
18,3,gYQk1TxmUdttVXLx9NPXOmt+BII=,JnBdgd71LpIoPQ34/37H3ds+yPY=
20,3,gYQk1TxmUdttVXLx9NPXOmt+BII=,JhLe2ankpJjXWDpykFXOjvjs6TE=
19,2,gYQk1TxmUdttVXLx9NPXOmt+BII=,JnBdgd71LpIoPQ34/37H3ds+yPY=
20,1,gYQk1TxmUdttVXLx9NPXOmt+BII=,JhLe2ankpJjXWDpykFXOjvjs6TE=
19,1,gYQk1TxmUdttVXLx9NPXOmt+BII=,JnBdgd71LpIoPQ34/37H3ds+yPY=
18,2,gYQk1TxmUdttVXLx9NPXOmt+BII=,JnBdgd71LpIoPQ34/37H3ds+yPY=
20,4,gYQk1TxmUdttVXLx9NPXOmt+BII=,1OsDcWdQHdqrCO+Dj+BNadx9sBo=
19,3,gYQk1TxmUdttVXLx9NPXOmt+BII=,JnBdgd71LpIoPQ34/37H3ds+yPY=
17,4,gYQk1TxmUdttVXLx9NPXOmt+BII=,ZBh9thoHLmZ49oI/psAjOFzStlg=
17,3,gYQk1TxmUdttVXLx9NPXOmt+BII=,JnBdgd71LpIoPQ34/37H3ds+yPY=
20,2,gYQk1TxmUdttVXLx9NPXOmt+BII=,JhLe2ankpJjXWDpykFXOjvjs6TE=
16,5,gYQk1TxmUdttVXLx9NPXOmt+BII=,ZBh9thoHLmZ49oI/psAjOFzStlg=
16,7,gYQk1TxmUdttVXLx9NPXOmt+BII=,ZBh9thoHLmZ49oI/psAjOFzStlg=
16,8,gYQk1TxmUdttVXLx9NPXOmt+BII=,D4xX5sSKKp3WHiLfYBVivErbIMQ=
17,0,gYQk1TxmUdttVXLx9NPXOmt+BII=,JnBdgd71LpIoPQ34/37H3ds+yPY=
18,0,gYQk1TxmUdttVXLx9NPXOmt+BII=,JnBdgd71LpIoPQ34/37H3ds+yPY=
16,1,gYQk1TxmUdttVXLx9NPXOmt+BII=,JnBdgd71LpIoPQ34/37H3ds+yPY=
16,3,gYQk1TxmUdttVXLx9NPXOmt+BII=,JnBdgd71LpIoPQ34/37H3ds+yPY=
22,0,gYQk1TxmUdttVXLx9NPXOmt+BII=,JhLe2ankpJjXWDpykFXOjvjs6TE=
16,2,gYQk1TxmUdttVXLx9NPXOmt+BII=,JnBdgd71LpIoPQ34/37H3ds+yPY=
21,0,gYQk1TxmUdttVXLx9NPXOmt+BII=,JhLe2ankpJjXWDpykFXOjvjs6TE=
16,6,gYQk1TxmUdttVXLx9NPXOmt+BII=,ZBh9thoHLmZ49oI/psAjOFzStlg=
20,0,gYQk1TxmUdttVXLx9NPXOmt+BII=,JhLe2ankpJjXWDpykFXOjvjs6TE=
16,4,gYQk1TxmUdttVXLx9NPXOmt+BII=,ZBh9thoHLmZ49oI/psAjOFzStlg=
19,0,gYQk1TxmUdttVXLx9NPXOmt+BII=,JnBdgd71LpIoPQ34/37H3ds+yPY=
26,0,gYQk1TxmUdttVXLx9NPXOmt+BII=,5bDD0gvdQLCvb1lb+o7x7u3lUCk=
23,0,gYQk1TxmUdttVXLx9NPXOmt+BII=,JhLe2ankpJjXWDpykFXOjvjs6TE=
25,0,gYQk1TxmUdttVXLx9NPXOmt+BII=,5bDD0gvdQLCvb1lb+o7x7u3lUCk=
24,0,gYQk1TxmUdttVXLx9NPXOmt+BII=,5bDD0gvdQLCvb1lb+o7x7u3lUCk=
21,15,gYQk1TxmUdttVXLx9NPXOmt+BII=,xekTqqB2ltz2yiFpXgV7cqMbvc8=
22,15,gYQk1TxmUdttVXLx9NPXOmt+BII=,xekTqqB2ltz2yiFpXgV7cqMbvc8=
25,15,gYQk1TxmUdttVXLx9NPXOmt+BII=,wwFloRu/B+SvMpvUMPS8nYLxnqw=
30,15,gYQk1TxmUdttVXLx9NPXOmt+BII=,wwFloRu/B+SvMpvUMPS8nYLxnqw=
24,15,gYQk1TxmUdttVXLx9NPXOmt+BII=,wwFloRu/B+SvMpvUMPS8nYLxnqw=
29,15,gYQk1TxmUdttVXLx9NPXOmt+BII=,wwFloRu/B+SvMpvUMPS8nYLxnqw=
28,15,gYQk1TxmUdttVXLx9NPXOmt+BII=,wwFloRu/B+SvMpvUMPS8nYLxnqw=
23,15,gYQk1TxmUdttVXLx9NPXOmt+BII=,xekTqqB2ltz2yiFpXgV7cqMbvc8=
26,15,gYQk1TxmUdttVXLx9NPXOmt+BII=,wwFloRu/B+SvMpvUMPS8nYLxnqw=
16,0,gYQk1TxmUdttVXLx9NPXOmt+BII=,JnBdgd71LpIoPQ34/37H3ds+yPY=
27,15,gYQk1TxmUdttVXLx9NPXOmt+BII=,wwFloRu/B+SvMpvUMPS8nYLxnqw=
27,4,gYQk1TxmUdttVXLx9NPXOmt+BII=,/ZM3A/dMlOLmxAhKRPpckXBv8vg=
27,3,gYQk1TxmUdttVXLx9NPXOmt+BII=,5bDD0gvdQLCvb1lb+o7x7u3lUCk=
28,2,gYQk1TxmUdttVXLx9NPXOmt+BII=,KQ8V2rsaNDLLjhR32p4w616kIQM=
29,3,gYQk1TxmUdttVXLx9NPXOmt+BII=,KQ8V2rsaNDLLjhR32p4w616kIQM=
30,4,gYQk1TxmUdttVXLx9NPXOmt+BII=,y2Nuv6Ll+Fn5btaz7iJDICuQ924=
27,1,gYQk1TxmUdttVXLx9NPXOmt+BII=,5bDD0gvdQLCvb1lb+o7x7u3lUCk=
28,1,gYQk1TxmUdttVXLx9NPXOmt+BII=,KQ8V2rsaNDLLjhR32p4w616kIQM=
28,3,gYQk1TxmUdttVXLx9NPXOmt+BII=,KQ8V2rsaNDLLjhR32p4w616kIQM=
27,0,gYQk1TxmUdttVXLx9NPXOmt+BII=,5bDD0gvdQLCvb1lb+o7x7u3lUCk=
28,4,gYQk1TxmUdttVXLx9NPXOmt+BII=,y2Nuv6Ll+Fn5btaz7iJDICuQ924=
27,2,gYQk1TxmUdttVXLx9NPXOmt+BII=,5bDD0gvdQLCvb1lb+o7x7u3lUCk=
29,4,gYQk1TxmUdttVXLx9NPXOmt+BII=,y2Nuv6Ll+Fn5btaz7iJDICuQ924=
28,0,gYQk1TxmUdttVXLx9NPXOmt+BII=,KQ8V2rsaNDLLjhR32p4w616kIQM=
30,0,gYQk1TxmUdttVXLx9NPXOmt+BII=,KQ8V2rsaNDLLjhR32p4w616kIQM=
30,3,gYQk1TxmUdttVXLx9NPXOmt+BII=,KQ8V2rsaNDLLjhR32p4w616kIQM=
29,0,gYQk1TxmUdttVXLx9NPXOmt+BII=,KQ8V2rsaNDLLjhR32p4w616kIQM=
29,1,gYQk1TxmUdttVXLx9NPXOmt+BII=,KQ8V2rsaNDLLjhR32p4w616kIQM=
29,2,gYQk1TxmUdttVXLx9NPXOmt+BII=,KQ8V2rsaNDLLjhR32p4w616kIQM=
30,2,gYQk1TxmUdttVXLx9NPXOmt+BII=,KQ8V2rsaNDLLjhR32p4w616kIQM=
30,1,gYQk1TxmUdttVXLx9NPXOmt+BII=,KQ8V2rsaNDLLjhR32p4w616kIQM=
16,11,gYQk1TxmUdttVXLx9NPXOmt+BII=,D4xX5sSKKp3WHiLfYBVivErbIMQ=
17,15,gYQk1TxmUdttVXLx9NPXOmt+BII=,xekTqqB2ltz2yiFpXgV7cqMbvc8=
20,13,gYQk1TxmUdttVXLx9NPXOmt+BII=,xekTqqB2ltz2yiFpXgV7cqMbvc8=
16,15,gYQk1TxmUdttVXLx9NPXOmt+BII=,xekTqqB2ltz2yiFpXgV7cqMbvc8=
17,11,gYQk1TxmUdttVXLx9NPXOmt+BII=,D4xX5sSKKp3WHiLfYBVivErbIMQ=
16,14,gYQk1TxmUdttVXLx9NPXOmt+BII=,xekTqqB2ltz2yiFpXgV7cqMbvc8=
17,14,gYQk1TxmUdttVXLx9NPXOmt+BII=,xekTqqB2ltz2yiFpXgV7cqMbvc8=
18,13,gYQk1TxmUdttVXLx9NPXOmt+BII=,xekTqqB2ltz2yiFpXgV7cqMbvc8=
18,15,gYQk1TxmUdttVXLx9NPXOmt+BII=,xekTqqB2ltz2yiFpXgV7cqMbvc8=
16,13,gYQk1TxmUdttVXLx9NPXOmt+BII=,xekTqqB2ltz2yiFpXgV7cqMbvc8=
17,12,gYQk1TxmUdttVXLx9NPXOmt+BII=,xekTqqB2ltz2yiFpXgV7cqMbvc8=
20,11,gYQk1TxmUdttVXLx9NPXOmt+BII=,KFq9FQKVM4twTGrobOUbzHLS1CY=
19,12,gYQk1TxmUdttVXLx9NPXOmt+BII=,xekTqqB2ltz2yiFpXgV7cqMbvc8=
18,11,gYQk1TxmUdttVXLx9NPXOmt+BII=,D4xX5sSKKp3WHiLfYBVivErbIMQ=
18,12,gYQk1TxmUdttVXLx9NPXOmt+BII=,xekTqqB2ltz2yiFpXgV7cqMbvc8=
20,14,gYQk1TxmUdttVXLx9NPXOmt+BII=,xekTqqB2ltz2yiFpXgV7cqMbvc8=
19,11,gYQk1TxmUdttVXLx9NPXOmt+BII=,D4xX5sSKKp3WHiLfYBVivErbIMQ=
17,13,gYQk1TxmUdttVXLx9NPXOmt+BII=,xekTqqB2ltz2yiFpXgV7cqMbvc8=
19,13,gYQk1TxmUdttVXLx9NPXOmt+BII=,xekTqqB2ltz2yiFpXgV7cqMbvc8=
19,14,gYQk1TxmUdttVXLx9NPXOmt+BII=,xekTqqB2ltz2yiFpXgV7cqMbvc8=
19,15,gYQk1TxmUdttVXLx9NPXOmt+BII=,xekTqqB2ltz2yiFpXgV7cqMbvc8=
16,12,gYQk1TxmUdttVXLx9NPXOmt+BII=,xekTqqB2ltz2yiFpXgV7cqMbvc8=
18,14,gYQk1TxmUdttVXLx9NPXOmt+BII=,xekTqqB2ltz2yiFpXgV7cqMbvc8=
20,12,gYQk1TxmUdttVXLx9NPXOmt+BII=,xekTqqB2ltz2yiFpXgV7cqMbvc8=
20,15,gYQk1TxmUdttVXLx9NPXOmt+BII=,xekTqqB2ltz2yiFpXgV7cqMbvc8=
